LECROYWS104MXs-A)Õ,54569,Waveform
Segments,1,SegmentSize,2482
Segment,TrigTime,TimeSinceSegment1
#1,10-Dec-2024 18:08:11,0                 
Time,Ampl
-0.01034196,0.228706
-0.01033696,0.223907
-0.01033196,0.227106
-0.01032696,0.225506
-0.01032196,0.227106
-0.01031696,0.225506
-0.01031196,0.223907
-0.01030696,0.223907
-0.01030196,0.228706
-0.01029696,0.225506
-0.01029196,0.227106
-0.01028696,0.228706
-0.01028196,0.227106
-0.01027696,0.217507
-0.01027196,0.227106
-0.01026696,0.225506
-0.01026196,0.227106
-0.01025696,0.230306
-0.01025196,0.225506
-0.01024696,0.227106
-0.01024196,0.228706
-0.01023696,0.227106
-0.01023196,0.225506
-0.01022696,0.228706
-0.01022196,0.225506
-0.01021696,0.223907
-0.01021196,0.228706
-0.01020696,0.225506
-0.01020196,0.223907
-0.01019696,0.227106
-0.01019196,0.223907
-0.01018696,0.223907
-0.01018196,0.225506
-0.01017696,0.227106
-0.01017196,0.223907
-0.01016696,0.228706
-0.01016196,0.227106
-0.01015696,0.225506
-0.01015196,0.227106
-0.01014696,0.222307
-0.01014196,0.225506
-0.01013696,0.227106
-0.01013196,0.228706
-0.01012696,0.225506
-0.01012196,0.228706
-0.01011696,0.223907
-0.01011196,0.220707
-0.01010696,0.228706
-0.01010196,0.225506
-0.01009696,0.225506
-0.01009196,0.227106
-0.01008696,0.227106
-0.01008196,0.223907
-0.01007696,0.228706
-0.01007196,0.225506
-0.01006696,0.227106
-0.01006196,0.228706
-0.01005696,0.227106
-0.01005196,0.222307
-0.01004696,0.227106
-0.01004196,0.227106
-0.01003696,0.223907
-0.01003196,0.228706
-0.01002696,0.227106
-0.01002196,0.223907
-0.01001696,0.227106
-0.01001196,0.227106
-0.01000696,0.223907
-0.01000196,0.227106
-0.00999696,0.227106
-0.00999196,0.225506
-0.00998696,0.228706
-0.00998196,0.225506
-0.00997696,0.227106
-0.00997196,0.228706
-0.00996696,0.223907
-0.00996196,0.223907
-0.00995696,0.227106
-0.00995196,0.228706
-0.00994696,0.225506
-0.00994196,0.227106
-0.00993696,0.225506
-0.00993196,0.222307
-0.00992696,0.223907
-0.00992196,0.228706
-0.00991696,0.223907
-0.00991196,0.227106
-0.00990696,0.223907
-0.00990196,0.227106
-0.00989696,0.225506
-0.00989196,0.227106
-0.00988696,0.223907
-0.00988196,0.228706
-0.00987696,0.227106
-0.00987196,0.225506
-0.00986696,0.228706
-0.00986196,0.225506
-0.00985696,0.223907
-0.00985196,0.225506
-0.00984696,0.227106
-0.00984196,0.223907
-0.00983696,0.227106
-0.00983196,0.223907
-0.00982696,0.222307
-0.00982196,0.228706
-0.00981696,0.227106
-0.00981196,0.225506
-0.00980696,0.228706
-0.00980196,0.223907
-0.00979696,0.225506
-0.00979196,0.225506
-0.00978696,0.223907
-0.00978196,0.223907
-0.00977696,0.225506
-0.00977196,0.225506
-0.00976696,0.225506
-0.00976196,0.228706
-0.00975696,0.227106
-0.00975196,0.223907
-0.00974696,0.225506
-0.00974196,0.227106
-0.00973696,0.223907
-0.00973196,0.225506
-0.00972696,0.225506
-0.00972196,0.222307
-0.00971696,0.227106
-0.00971196,0.225506
-0.00970696,0.223907
-0.00970196,0.225506
-0.00969696,0.227106
-0.00969196,0.225506
-0.00968696,0.228706
-0.00968196,0.228706
-0.00967696,0.223907
-0.00967196,0.227106
-0.00966696,0.225506
-0.00966196,0.225506
-0.00965696,0.230306
-0.00965196,0.225506
-0.00964696,0.227106
-0.00964196,0.228706
-0.00963696,0.225506
-0.00963196,0.223907
-0.00962696,0.225506
-0.00962196,0.225506
-0.00961696,0.222307
-0.00961196,0.228706
-0.00960696,0.227106
-0.00960196,0.223907
-0.00959696,0.227106
-0.00959196,0.223907
-0.00958696,0.225506
-0.00958196,0.230306
-0.00957696,0.225506
-0.00957196,0.223907
-0.00956696,0.225506
-0.00956196,0.227106
-0.00955696,0.225506
-0.00955196,0.228706
-0.00954696,0.227106
-0.00954196,0.225506
-0.00953696,0.227106
-0.00953196,0.225506
-0.00952696,0.223907
-0.00952196,0.227106
-0.00951696,0.227106
-0.00951196,0.223907
-0.00950696,0.228706
-0.00950196,0.225506
-0.00949696,0.227106
-0.00949196,0.225506
-0.00948696,0.227106
-0.00948196,0.222307
-0.00947696,0.230306
-0.00947196,0.225506
-0.00946696,0.223907
-0.00946196,0.223907
-0.00945696,0.228706
-0.00945196,0.223907
-0.00944696,0.227106
-0.00944196,0.225506
-0.00943696,0.222307
-0.00943196,0.225506
-0.00942696,0.225506
-0.00942196,0.222307
-0.00941696,0.228706
-0.00941196,0.230306
-0.00940696,0.223907
-0.00940196,0.227106
-0.00939696,0.225506
-0.00939196,0.220707
-0.00938696,0.228706
-0.00938196,0.225506
-0.00937696,0.225506
-0.00937196,0.227106
-0.00936696,0.220707
-0.00936196,0.223907
-0.00935696,0.227106
-0.00935196,0.225506
-0.00934696,0.225506
-0.00934196,0.227106
-0.00933696,0.225506
-0.00933196,0.227106
-0.00932696,0.225506
-0.00932196,0.225506
-0.00931696,0.222307
-0.00931196,0.228706
-0.00930696,0.225506
-0.00930196,0.227106
-0.00929696,0.227106
-0.00929196,0.227106
-0.00928696,0.223907
-0.00928196,0.230306
-0.00927696,0.225506
-0.00927196,0.225506
-0.00926696,0.227106
-0.00926196,0.227106
-0.00925696,0.225506
-0.00925196,0.227106
-0.00924696,0.227106
-0.00924196,0.225506
-0.00923696,0.227106
-0.00923196,0.223907
-0.00922696,0.227106
-0.00922196,0.225506
-0.00921696,0.227106
-0.00921196,0.222307
-0.00920696,0.228706
-0.00920196,0.223907
-0.00919696,0.222307
-0.00919196,0.227106
-0.00918696,0.227106
-0.00918196,0.223907
-0.00917696,0.228706
-0.00917196,0.228706
-0.00916696,0.222307
-0.00916196,0.227106
-0.00915696,0.223907
-0.00915196,0.223907
-0.00914696,0.227106
-0.00914196,0.223907
-0.00913696,0.223907
-0.00913196,0.230306
-0.00912696,0.225506
-0.00912196,0.223907
-0.00911696,0.225506
-0.00911196,0.227106
-0.00910696,0.220707
-0.00910196,0.227106
-0.00909696,0.223907
-0.00909196,0.225506
-0.00908696,0.227106
-0.00908196,0.225506
-0.00907696,0.223907
-0.00907196,0.227106
-0.00906696,0.223907
-0.00906196,0.225506
-0.00905696,0.225506
-0.00905196,0.231906
-0.00904696,0.223907
-0.00904196,0.225506
-0.00903696,0.225506
-0.00903196,0.222307
-0.00902696,0.228706
-0.00902196,0.225506
-0.00901696,0.222307
-0.00901196,0.228706
-0.00900696,0.223907
-0.00900196,0.225506
-0.00899696,0.227106
-0.00899196,0.227106
-0.00898696,0.222307
-0.00898196,0.227106
-0.00897696,0.225506
-0.00897196,0.227106
-0.00896696,0.230306
-0.00896196,0.223907
-0.00895696,0.223907
-0.00895196,0.228706
-0.00894696,0.223907
-0.00894196,0.222307
-0.00893696,0.227106
-0.00893196,0.225506
-0.00892696,0.222307
-0.00892196,0.227106
-0.00891696,0.225506
-0.00891196,0.225506
-0.00890696,0.225506
-0.00890196,0.225506
-0.00889696,0.227106
-0.00889196,0.227106
-0.00888696,0.228706
-0.00888196,0.225506
-0.00887696,0.225506
-0.00887196,0.227106
-0.00886696,0.223907
-0.00886196,0.227106
-0.00885696,0.225506
-0.00885196,0.223907
-0.00884696,0.227106
-0.00884196,0.227106
-0.00883696,0.225506
-0.00883196,0.230306
-0.00882696,0.225506
-0.00882196,0.223907
-0.00881696,0.223907
-0.00881196,0.225506
-0.00880696,0.228706
-0.00880196,0.225506
-0.00879696,0.227106
-0.00879196,0.225506
-0.00878696,0.228706
-0.00878196,0.227106
-0.00877696,0.225506
-0.00877196,0.228706
-0.00876696,0.227106
-0.00876196,0.225506
-0.00875696,0.223907
-0.00875196,0.225506
-0.00874696,0.225506
-0.00874196,0.230306
-0.00873696,0.225506
-0.00873196,0.228706
-0.00872696,0.227106
-0.00872196,0.225506
-0.00871696,0.225506
-0.00871196,0.230306
-0.00870696,0.222307
-0.00870196,0.223907
-0.00869696,0.225506
-0.00869196,0.227106
-0.00868696,0.227106
-0.00868196,0.228706
-0.00867696,0.227106
-0.00867196,0.227106
-0.00866696,0.227106
-0.00866196,0.225506
-0.00865696,0.223907
-0.00865196,0.225506
-0.00864696,0.225506
-0.00864196,0.223907
-0.00863696,0.223907
-0.00863196,0.227106
-0.00862696,0.223907
-0.00862196,0.227106
-0.00861696,0.225506
-0.00861196,0.225506
-0.00860696,0.227106
-0.00860196,0.225506
-0.00859696,0.225506
-0.00859196,0.228706
-0.00858696,0.225506
-0.00858196,0.223907
-0.00857696,0.227106
-0.00857196,0.223907
-0.00856696,0.223907
-0.00856196,0.228706
-0.00855696,0.227106
-0.00855196,0.220707
-0.00854696,0.227106
-0.00854196,0.222307
-0.00853696,0.223907
-0.00853196,0.228706
-0.00852696,0.227106
-0.00852196,0.223907
-0.00851696,0.227106
-0.00851196,0.223907
-0.00850696,0.225506
-0.00850196,0.225506
-0.00849696,0.225506
-0.00849196,0.225506
-0.00848696,0.227106
-0.00848196,0.225506
-0.00847696,0.225506
-0.00847196,0.228706
-0.00846696,0.225506
-0.00846196,0.225506
-0.00845696,0.230306
-0.00845196,0.222307
-0.00844696,0.227106
-0.00844196,0.227106
-0.00843696,0.230306
-0.00843196,0.223907
-0.00842696,0.227106
-0.00842196,0.227106
-0.00841696,0.222307
-0.00841196,0.228706
-0.00840696,0.227106
-0.00840196,0.227106
-0.00839696,0.227106
-0.00839196,0.225506
-0.00838696,0.223907
-0.00838196,0.227106
-0.00837696,0.227106
-0.00837196,0.225506
-0.00836696,0.227106
-0.00836196,0.225506
-0.00835696,0.225506
-0.00835196,0.228706
-0.00834696,0.225506
-0.00834196,0.225506
-0.00833696,0.228706
-0.00833196,0.227106
-0.00832696,0.223907
-0.00832196,0.227106
-0.00831696,0.225506
-0.00831196,0.222307
-0.00830696,0.225506
-0.00830196,0.227106
-0.00829696,0.223907
-0.00829196,0.230306
-0.00828696,0.222307
-0.00828196,0.225506
-0.00827696,0.227106
-0.00827196,0.222307
-0.00826696,0.222307
-0.00826196,0.227106
-0.00825696,0.222307
-0.00825196,0.223907
-0.00824696,0.225506
-0.00824196,0.222307
-0.00823696,0.225506
-0.00823196,0.227106
-0.00822696,0.227106
-0.00822196,0.222307
-0.00821696,0.227106
-0.00821196,0.227106
-0.00820696,0.225506
-0.00820196,0.227106
-0.00819696,0.225506
-0.00819196,0.223907
-0.00818696,0.228706
-0.00818196,0.222307
-0.00817696,0.225506
-0.00817196,0.230306
-0.00816696,0.225506
-0.00816196,0.223907
-0.00815696,0.225506
-0.00815196,0.227106
-0.00814696,0.223907
-0.00814196,0.230306
-0.00813696,0.225506
-0.00813196,0.227106
-0.00812696,0.223907
-0.00812196,0.225506
-0.00811696,0.223907
-0.00811196,0.225506
-0.00810696,0.225506
-0.00810196,0.222307
-0.00809696,0.227106
-0.00809196,0.223907
-0.00808696,0.223907
-0.00808196,0.225506
-0.00807696,0.223907
-0.00807196,0.225506
-0.00806696,0.227106
-0.00806196,0.225506
-0.00805696,0.225506
-0.00805196,0.228706
-0.00804696,0.227106
-0.00804196,0.223907
-0.00803696,0.227106
-0.00803196,0.225506
-0.00802696,0.223907
-0.00802196,0.230306
-0.00801696,0.227106
-0.00801196,0.225506
-0.00800696,0.225506
-0.00800196,0.228706
-0.00799696,0.223907
-0.00799196,0.230306
-0.00798696,0.222307
-0.00798196,0.227106
-0.00797696,0.225506
-0.00797196,0.227106
-0.00796696,0.225506
-0.00796196,0.227106
-0.00795696,0.228706
-0.00795196,0.222307
-0.00794696,0.227106
-0.00794196,0.228706
-0.00793696,0.225506
-0.00793196,0.225506
-0.00792696,0.225506
-0.00792196,0.222307
-0.00791696,0.227106
-0.00791196,0.225506
-0.00790696,0.225506
-0.00790196,0.228706
-0.00789696,0.225506
-0.00789196,0.225506
-0.00788696,0.227106
-0.00788196,0.227106
-0.00787696,0.227106
-0.00787196,0.223907
-0.00786696,0.228706
-0.00786196,0.223907
-0.00785696,0.227106
-0.00785196,0.223907
-0.00784696,0.225506
-0.00784196,0.228706
-0.00783696,0.227106
-0.00783196,0.223907
-0.00782696,0.223907
-0.00782196,0.227106
-0.00781696,0.222307
-0.00781196,0.227106
-0.00780696,0.223907
-0.00780196,0.225506
-0.00779696,0.225506
-0.00779196,0.225506
-0.00778696,0.222307
-0.00778196,0.227106
-0.00777696,0.222307
-0.00777196,0.227106
-0.00776696,0.225506
-0.00776196,0.227106
-0.00775696,0.222307
-0.00775196,0.228706
-0.00774696,0.222307
-0.00774196,0.223907
-0.00773696,0.225506
-0.00773196,0.225506
-0.00772696,0.225506
-0.00772196,0.225506
-0.00771696,0.222307
-0.00771196,0.225506
-0.00770696,0.225506
-0.00770196,0.223907
-0.00769696,0.223907
-0.00769196,0.222307
-0.00768696,0.228706
-0.00768196,0.223907
-0.00767696,0.225506
-0.00767196,0.225506
-0.00766696,0.227106
-0.00766196,0.225506
-0.00765696,0.225506
-0.00765196,0.223907
-0.00764696,0.223907
-0.00764196,0.227106
-0.00763696,0.225506
-0.00763196,0.227106
-0.00762696,0.227106
-0.00762196,0.227106
-0.00761696,0.225506
-0.00761196,0.228706
-0.00760696,0.225506
-0.00760196,0.228706
-0.00759696,0.227106
-0.00759196,0.227106
-0.00758696,0.227106
-0.00758196,0.225506
-0.00757696,0.227106
-0.00757196,0.225506
-0.00756696,0.225506
-0.00756196,0.220707
-0.00755696,0.228706
-0.00755196,0.223907
-0.00754696,0.227106
-0.00754196,0.223907
-0.00753696,0.228706
-0.00753196,0.222307
-0.00752696,0.228706
-0.00752196,0.227106
-0.00751696,0.223907
-0.00751196,0.223907
-0.00750696,0.225506
-0.00750196,0.225506
-0.00749696,0.225506
-0.00749196,0.227106
-0.00748696,0.225506
-0.00748196,0.227106
-0.00747696,0.225506
-0.00747196,0.225506
-0.00746696,0.227106
-0.00746196,0.227106
-0.00745696,0.223907
-0.00745196,0.227106
-0.00744696,0.227106
-0.00744196,0.223907
-0.00743696,0.225506
-0.00743196,0.225506
-0.00742696,0.223907
-0.00742196,0.227106
-0.00741696,0.225506
-0.00741196,0.225506
-0.00740696,0.223907
-0.00740196,0.223907
-0.00739696,0.223907
-0.00739196,0.227106
-0.00738696,0.225506
-0.00738196,0.228706
-0.00737696,0.228706
-0.00737196,0.227106
-0.00736696,0.225506
-0.00736196,0.227106
-0.00735696,0.223907
-0.00735196,0.225506
-0.00734696,0.225506
-0.00734196,0.227106
-0.00733696,0.225506
-0.00733196,0.223907
-0.00732696,0.227106
-0.00732196,0.225506
-0.00731696,0.227106
-0.00731196,0.223907
-0.00730696,0.223907
-0.00730196,0.227106
-0.00729696,0.223907
-0.00729196,0.225506
-0.00728696,0.227106
-0.00728196,0.225506
-0.00727696,0.227106
-0.00727196,0.227106
-0.00726696,0.222307
-0.00726196,0.228706
-0.00725696,0.222307
-0.00725196,0.230306
-0.00724696,0.220707
-0.00724196,0.225506
-0.00723696,0.223907
-0.00723196,0.225506
-0.00722696,0.225506
-0.00722196,0.225506
-0.00721696,0.225506
-0.00721196,0.225506
-0.00720696,0.223907
-0.00720196,0.222307
-0.00719696,0.225506
-0.00719196,0.225506
-0.00718696,0.222307
-0.00718196,0.225506
-0.00717696,0.223907
-0.00717196,0.222307
-0.00716696,0.227106
-0.00716196,0.225506
-0.00715696,0.227106
-0.00715196,0.227106
-0.00714696,0.225506
-0.00714196,0.228706
-0.00713696,0.225506
-0.00713196,0.223907
-0.00712696,0.223907
-0.00712196,0.228706
-0.00711696,0.228706
-0.00711196,0.225506
-0.00710696,0.227106
-0.00710196,0.223907
-0.00709696,0.225506
-0.00709196,0.227106
-0.00708696,0.227106
-0.00708196,0.222307
-0.00707696,0.228706
-0.00707196,0.223907
-0.00706696,0.227106
-0.00706196,0.225506
-0.00705696,0.225506
-0.00705196,0.223907
-0.00704696,0.225506
-0.00704196,0.227106
-0.00703696,0.227106
-0.00703196,0.227106
-0.00702696,0.225506
-0.00702196,0.223907
-0.00701696,0.230306
-0.00701196,0.227106
-0.00700696,0.223907
-0.00700196,0.227106
-0.00699696,0.227106
-0.00699196,0.222307
-0.00698696,0.225506
-0.00698196,0.227106
-0.00697696,0.225506
-0.00697196,0.227106
-0.00696696,0.223907
-0.00696196,0.223907
-0.00695696,0.225506
-0.00695196,0.228706
-0.00694696,0.220707
-0.00694196,0.228706
-0.00693696,0.223907
-0.00693196,0.227106
-0.00692696,0.228706
-0.00692196,0.225506
-0.00691696,0.223907
-0.00691196,0.227106
-0.00690696,0.227106
-0.00690196,0.227106
-0.00689696,0.227106
-0.00689196,0.225506
-0.00688696,0.222307
-0.00688196,0.225506
-0.00687696,0.227106
-0.00687196,0.220707
-0.00686696,0.227106
-0.00686196,0.225506
-0.00685696,0.225506
-0.00685196,0.227106
-0.00684696,0.225506
-0.00684196,0.225506
-0.00683696,0.225506
-0.00683196,0.227106
-0.00682696,0.222307
-0.00682196,0.225506
-0.00681696,0.225506
-0.00681196,0.223907
-0.00680696,0.227106
-0.00680196,0.225506
-0.00679696,0.223907
-0.00679196,0.227106
-0.00678696,0.222307
-0.00678196,0.227106
-0.00677696,0.222307
-0.00677196,0.228706
-0.00676696,0.222307
-0.00676196,0.227106
-0.00675696,0.227106
-0.00675196,0.225506
-0.00674696,0.225506
-0.00674196,0.223907
-0.00673696,0.227106
-0.00673196,0.228706
-0.00672696,0.227106
-0.00672196,0.223907
-0.00671696,0.225506
-0.00671196,0.223907
-0.00670696,0.225506
-0.00670196,0.227106
-0.00669696,0.223907
-0.00669196,0.225506
-0.00668696,0.227106
-0.00668196,0.225506
-0.00667696,0.223907
-0.00667196,0.227106
-0.00666696,0.225506
-0.00666196,0.225506
-0.00665696,0.228706
-0.00665196,0.225506
-0.00664696,0.222307
-0.00664196,0.227106
-0.00663696,0.223907
-0.00663196,0.225506
-0.00662696,0.228706
-0.00662196,0.225506
-0.00661696,0.222307
-0.00661196,0.223907
-0.00660696,0.225506
-0.00660196,0.222307
-0.00659696,0.223907
-0.00659196,0.228706
-0.00658696,0.222307
-0.00658196,0.225506
-0.00657696,0.225506
-0.00657196,0.222307
-0.00656696,0.225506
-0.00656196,0.225506
-0.00655696,0.222307
-0.00655196,0.227106
-0.00654696,0.225506
-0.00654196,0.227106
-0.00653696,0.227106
-0.00653196,0.227106
-0.00652696,0.227106
-0.00652196,0.227106
-0.00651696,0.223907
-0.00651196,0.223907
-0.00650696,0.227106
-0.00650196,0.223907
-0.00649696,0.222307
-0.00649196,0.227106
-0.00648696,0.223907
-0.00648196,0.222307
-0.00647696,0.222307
-0.00647196,0.225506
-0.00646696,0.219107
-0.00646196,0.228706
-0.00645696,0.225506
-0.00645196,0.225506
-0.00644696,0.225506
-0.00644196,0.227106
-0.00643696,0.222307
-0.00643196,0.227106
-0.00642696,0.225506
-0.00642196,0.225506
-0.00641696,0.227106
-0.00641196,0.227106
-0.00640696,0.220707
-0.00640196,0.225506
-0.00639696,0.228706
-0.00639196,0.222307
-0.00638696,0.227106
-0.00638196,0.225506
-0.00637696,0.223907
-0.00637196,0.227106
-0.00636696,0.223907
-0.00636196,0.222307
-0.00635696,0.227106
-0.00635196,0.222307
-0.00634696,0.222307
-0.00634196,0.225506
-0.00633696,0.223907
-0.00633196,0.222307
-0.00632696,0.227106
-0.00632196,0.222307
-0.00631696,0.227106
-0.00631196,0.225506
-0.00630696,0.223907
-0.00630196,0.220707
-0.00629696,0.225506
-0.00629196,0.227106
-0.00628696,0.223907
-0.00628196,0.227106
-0.00627696,0.223907
-0.00627196,0.222307
-0.00626696,0.228706
-0.00626196,0.225506
-0.00625696,0.223907
-0.00625196,0.227106
-0.00624696,0.225506
-0.00624196,0.227106
-0.00623696,0.223907
-0.00623196,0.227106
-0.00622696,0.223907
-0.00622196,0.223907
-0.00621696,0.225506
-0.00621196,0.220707
-0.00620696,0.225506
-0.00620196,0.225506
-0.00619696,0.223907
-0.00619196,0.227106
-0.00618696,0.225506
-0.00618196,0.222307
-0.00617696,0.228706
-0.00617196,0.225506
-0.00616696,0.223907
-0.00616196,0.222307
-0.00615696,0.225506
-0.00615196,0.220707
-0.00614696,0.227106
-0.00614196,0.225506
-0.00613696,0.225506
-0.00613196,0.227106
-0.00612696,0.223907
-0.00612196,0.223907
-0.00611696,0.228706
-0.00611196,0.225506
-0.00610696,0.220707
-0.00610196,0.225506
-0.00609696,0.225506
-0.00609196,0.220707
-0.00608696,0.227106
-0.00608196,0.223907
-0.00607696,0.220707
-0.00607196,0.228706
-0.00606696,0.223907
-0.00606196,0.220707
-0.00605696,0.223907
-0.00605196,0.225506
-0.00604696,0.223907
-0.00604196,0.223907
-0.00603696,0.220707
-0.00603196,0.220707
-0.00602696,0.222307
-0.00602196,0.223907
-0.00601696,0.222307
-0.00601196,0.222307
-0.00600696,0.219107
-0.00600196,0.220707
-0.00599696,0.219107
-0.00599196,0.220707
-0.00598696,0.214307
-0.00598196,0.219107
-0.00597696,0.215907
-0.00597196,0.214307
-0.00596696,0.217507
-0.00596196,0.217507
-0.00595696,0.212707
-0.00595196,0.212707
-0.00594696,0.209507
-0.00594196,0.209507
-0.00593696,0.217507
-0.00593196,0.209507
-0.00592696,0.214307
-0.00592196,0.212707
-0.00591696,0.217507
-0.00591196,0.212707
-0.00590696,0.217507
-0.00590196,0.215907
-0.00589696,0.217507
-0.00589196,0.225506
-0.00588696,0.219107
-0.00588196,0.217507
-0.00587696,0.219107
-0.00587196,0.223907
-0.00586696,0.219107
-0.00586196,0.223907
-0.00585696,0.220707
-0.00585196,0.222307
-0.00584696,0.222307
-0.00584196,0.223907
-0.00583696,0.220707
-0.00583196,0.223907
-0.00582696,0.220707
-0.00582196,0.225506
-0.00581696,0.223907
-0.00581196,0.222307
-0.00580696,0.222307
-0.00580196,0.222307
-0.00579696,0.225506
-0.00579196,0.219107
-0.00578696,0.223907
-0.00578196,0.222307
-0.00577696,0.222307
-0.00577196,0.225506
-0.00576696,0.223907
-0.00576196,0.220707
-0.00575696,0.225506
-0.00575196,0.223907
-0.00574696,0.220707
-0.00574196,0.225506
-0.00573696,0.222307
-0.00573196,0.222307
-0.00572696,0.227106
-0.00572196,0.220707
-0.00571696,0.223907
-0.00571196,0.219107
-0.00570696,0.220707
-0.00570196,0.217507
-0.00569696,0.227106
-0.00569196,0.220707
-0.00568696,0.220707
-0.00568196,0.222307
-0.00567696,0.222307
-0.00567196,0.214307
-0.00566696,0.220707
-0.00566196,0.219107
-0.00565696,0.215907
-0.00565196,0.219107
-0.00564696,0.219107
-0.00564196,0.214307
-0.00563696,0.219107
-0.00563196,0.217507
-0.00562696,0.211107
-0.00562196,0.217507
-0.00561696,0.212707
-0.00561196,0.209507
-0.00560696,0.209507
-0.00560196,0.206307
-0.00559696,0.203107
-0.00559196,0.196708
-0.00558696,0.206307
-0.00558196,0.188708
-0.00557696,0.206307
-0.00557196,0.188708
-0.00556696,0.199907
-0.00556196,0.188708
-0.00555696,0.193508
-0.00555196,0.188708
-0.00554696,0.188708
-0.00554196,0.188708
-0.00553696,0.188708
-0.00553196,0.188708
-0.00552696,0.188708
-0.00552196,0.188708
-0.00551696,0.188708
-0.00551196,0.193508
-0.00550696,0.188708
-0.00550196,0.211107
-0.00549696,0.188708
-0.00549196,0.215907
-0.00548696,0.188708
-0.00548196,0.215907
-0.00547696,0.206307
-0.00547196,0.219107
-0.00546696,0.215907
-0.00546196,0.211107
-0.00545696,0.220707
-0.00545196,0.212707
-0.00544696,0.222307
-0.00544196,0.214307
-0.00543696,0.223907
-0.00543196,0.212707
-0.00542696,0.228706
-0.00542196,0.220707
-0.00541696,0.220707
-0.00541196,0.220707
-0.00540696,0.222307
-0.00540196,0.219107
-0.00539696,0.220707
-0.00539196,0.222307
-0.00538696,0.220707
-0.00538196,0.222307
-0.00537696,0.222307
-0.00537196,0.222307
-0.00536696,0.223907
-0.00536196,0.222307
-0.00535696,0.217507
-0.00535196,0.223907
-0.00534696,0.222307
-0.00534196,0.219107
-0.00533696,0.225506
-0.00533196,0.220707
-0.00532696,0.217507
-0.00532196,0.222307
-0.00531696,0.222307
-0.00531196,0.220707
-0.00530696,0.222307
-0.00530196,0.222307
-0.00529696,0.219107
-0.00529196,0.225506
-0.00528696,0.222307
-0.00528196,0.219107
-0.00527696,0.219107
-0.00527196,0.220707
-0.00526696,0.219107
-0.00526196,0.219107
-0.00525696,0.220707
-0.00525196,0.217507
-0.00524696,0.220707
-0.00524196,0.217507
-0.00523696,0.217507
-0.00523196,0.219107
-0.00522696,0.215907
-0.00522196,0.212707
-0.00521696,0.217507
-0.00521196,0.217507
-0.00520696,0.211107
-0.00520196,0.220707
-0.00519696,0.212707
-0.00519196,0.215907
-0.00518696,0.211107
-0.00518196,0.217507
-0.00517696,0.204707
-0.00517196,0.212707
-0.00516696,0.212707
-0.00516196,0.206307
-0.00515696,0.207907
-0.00515196,0.203107
-0.00514696,0.203107
-0.00514196,0.204707
-0.00513696,0.198307
-0.00513196,0.204707
-0.00512696,0.204707
-0.00512196,0.203107
-0.00511696,0.201507
-0.00511196,0.209507
-0.00510696,0.207907
-0.00510196,0.207907
-0.00509696,0.217507
-0.00509196,0.206307
-0.00508696,0.214307
-0.00508196,0.212707
-0.00507696,0.215907
-0.00507196,0.217507
-0.00506696,0.220707
-0.00506196,0.217507
-0.00505696,0.220707
-0.00505196,0.223907
-0.00504696,0.219107
-0.00504196,0.220707
-0.00503696,0.222307
-0.00503196,0.222307
-0.00502696,0.219107
-0.00502196,0.222307
-0.00501696,0.220707
-0.00501196,0.220707
-0.00500696,0.225506
-0.00500196,0.225506
-0.00499696,0.222307
-0.00499196,0.223907
-0.00498696,0.225506
-0.00498196,0.219107
-0.00497696,0.223907
-0.00497196,0.222307
-0.00496696,0.220707
-0.00496196,0.220707
-0.00495696,0.225506
-0.00495196,0.220707
-0.00494696,0.227106
-0.00494196,0.225506
-0.00493696,0.222307
-0.00493196,0.225506
-0.00492696,0.227106
-0.00492196,0.222307
-0.00491696,0.223907
-0.00491196,0.227106
-0.00490696,0.222307
-0.00490196,0.225506
-0.00489696,0.220707
-0.00489196,0.225506
-0.00488696,0.225506
-0.00488196,0.225506
-0.00487696,0.223907
-0.00487196,0.227106
-0.00486696,0.227106
-0.00486196,0.220707
-0.00485696,0.227106
-0.00485196,0.228706
-0.00484696,0.223907
-0.00484196,0.223907
-0.00483696,0.222307
-0.00483196,0.222307
-0.00482696,0.225506
-0.00482196,0.225506
-0.00481696,0.222307
-0.00481196,0.228706
-0.00480696,0.222307
-0.00480196,0.223907
-0.00479696,0.227106
-0.00479196,0.228706
-0.00478696,0.219107
-0.00478196,0.223907
-0.00477696,0.225506
-0.00477196,0.223907
-0.00476696,0.223907
-0.00476196,0.220707
-0.00475696,0.220707
-0.00475196,0.223907
-0.00474696,0.223907
-0.00474196,0.223907
-0.00473696,0.223907
-0.00473196,0.225506
-0.00472696,0.223907
-0.00472196,0.223907
-0.00471696,0.227106
-0.00471196,0.222307
-0.00470696,0.225506
-0.00470196,0.225506
-0.00469696,0.222307
-0.00469196,0.220707
-0.00468696,0.223907
-0.00468196,0.225506
-0.00467696,0.223907
-0.00467196,0.225506
-0.00466696,0.223907
-0.00466196,0.225506
-0.00465696,0.223907
-0.00465196,0.222307
-0.00464696,0.227106
-0.00464196,0.223907
-0.00463696,0.222307
-0.00463196,0.222307
-0.00462696,0.223907
-0.00462196,0.220707
-0.00461696,0.225506
-0.00461196,0.222307
-0.00460696,0.223907
-0.00460196,0.228706
-0.00459696,0.223907
-0.00459196,0.222307
-0.00458696,0.227106
-0.00458196,0.225506
-0.00457696,0.223907
-0.00457196,0.227106
-0.00456696,0.223907
-0.00456196,0.225506
-0.00455696,0.227106
-0.00455196,0.227106
-0.00454696,0.223907
-0.00454196,0.228706
-0.00453696,0.222307
-0.00453196,0.225506
-0.00452696,0.225506
-0.00452196,0.222307
-0.00451696,0.223907
-0.00451196,0.225506
-0.00450696,0.222307
-0.00450196,0.220707
-0.00449696,0.227106
-0.00449196,0.223907
-0.00448696,0.223907
-0.00448196,0.225506
-0.00447696,0.225506
-0.00447196,0.223907
-0.00446696,0.225506
-0.00446196,0.225506
-0.00445696,0.223907
-0.00445196,0.223907
-0.00444696,0.222307
-0.00444196,0.223907
-0.00443696,0.227106
-0.00443196,0.225506
-0.00442696,0.225506
-0.00442196,0.227106
-0.00441696,0.225506
-0.00441196,0.223907
-0.00440696,0.225506
-0.00440196,0.225506
-0.00439696,0.222307
-0.00439196,0.225506
-0.00438696,0.225506
-0.00438196,0.220707
-0.00437696,0.227106
-0.00437196,0.223907
-0.00436696,0.222307
-0.00436196,0.225506
-0.00435696,0.225506
-0.00435196,0.225506
-0.00434696,0.227106
-0.00434196,0.223907
-0.00433696,0.220707
-0.00433196,0.225506
-0.00432696,0.223907
-0.00432196,0.222307
-0.00431696,0.223907
-0.00431196,0.223907
-0.00430696,0.222307
-0.00430196,0.225506
-0.00429696,0.223907
-0.00429196,0.223907
-0.00428696,0.225506
-0.00428196,0.225506
-0.00427696,0.222307
-0.00427196,0.228706
-0.00426696,0.223907
-0.00426196,0.223907
-0.00425696,0.227106
-0.00425196,0.223907
-0.00424696,0.223907
-0.00424196,0.223907
-0.00423696,0.222307
-0.00423196,0.225506
-0.00422696,0.228706
-0.00422196,0.220707
-0.00421696,0.225506
-0.00421196,0.227106
-0.00420696,0.225506
-0.00420196,0.223907
-0.00419696,0.225506
-0.00419196,0.225506
-0.00418696,0.220707
-0.00418196,0.225506
-0.00417696,0.227106
-0.00417196,0.220707
-0.00416696,0.227106
-0.00416196,0.223907
-0.00415696,0.223907
-0.00415196,0.225506
-0.00414696,0.225506
-0.00414196,0.228706
-0.00413696,0.227106
-0.00413196,0.225506
-0.00412696,0.222307
-0.00412196,0.223907
-0.00411696,0.227106
-0.00411196,0.222307
-0.00410696,0.225506
-0.00410196,0.222307
-0.00409696,0.222307
-0.00409196,0.227106
-0.00408696,0.222307
-0.00408196,0.225506
-0.00407696,0.225506
-0.00407196,0.225506
-0.00406696,0.220707
-0.00406196,0.225506
-0.00405696,0.225506
-0.00405196,0.223907
-0.00404696,0.225506
-0.00404196,0.223907
-0.00403696,0.222307
-0.00403196,0.222307
-0.00402696,0.223907
-0.00402196,0.222307
-0.00401696,0.223907
-0.00401196,0.227106
-0.00400696,0.222307
-0.00400196,0.223907
-0.00399696,0.225506
-0.00399196,0.220707
-0.00398696,0.223907
-0.00398196,0.223907
-0.00397696,0.219107
-0.00397196,0.227106
-0.00396696,0.223907
-0.00396196,0.222307
-0.00395696,0.223907
-0.00395196,0.223907
-0.00394696,0.223907
-0.00394196,0.227106
-0.00393696,0.227106
-0.00393196,0.219107
-0.00392696,0.227106
-0.00392196,0.223907
-0.00391696,0.223907
-0.00391196,0.225506
-0.00390696,0.222307
-0.00390196,0.220707
-0.00389696,0.225506
-0.00389196,0.225506
-0.00388696,0.223907
-0.00388196,0.225506
-0.00387696,0.225506
-0.00387196,0.222307
-0.00386696,0.223907
-0.00386196,0.225506
-0.00385696,0.222307
-0.00385196,0.225506
-0.00384696,0.223907
-0.00384196,0.222307
-0.00383696,0.227106
-0.00383196,0.225506
-0.00382696,0.223907
-0.00382196,0.223907
-0.00381696,0.223907
-0.00381196,0.223907
-0.00380696,0.223907
-0.00380196,0.223907
-0.00379696,0.220707
-0.00379196,0.227106
-0.00378696,0.222307
-0.00378196,0.222307
-0.00377696,0.223907
-0.00377196,0.223907
-0.00376696,0.222307
-0.00376196,0.227106
-0.00375696,0.222307
-0.00375196,0.223907
-0.00374696,0.227106
-0.00374196,0.223907
-0.00373696,0.222307
-0.00373196,0.223907
-0.00372696,0.225506
-0.00372196,0.222307
-0.00371696,0.227106
-0.00371196,0.227106
-0.00370696,0.222307
-0.00370196,0.228706
-0.00369696,0.223907
-0.00369196,0.220707
-0.00368696,0.225506
-0.00368196,0.227106
-0.00367696,0.222307
-0.00367196,0.233506
-0.00366696,0.223907
-0.00366196,0.222307
-0.00365696,0.225506
-0.00365196,0.223907
-0.00364696,0.223907
-0.00364196,0.227106
-0.00363696,0.223907
-0.00363196,0.222307
-0.00362696,0.225506
-0.00362196,0.222307
-0.00361696,0.220707
-0.00361196,0.225506
-0.00360696,0.223907
-0.00360196,0.222307
-0.00359696,0.227106
-0.00359196,0.225506
-0.00358696,0.222307
-0.00358196,0.225506
-0.00357696,0.222307
-0.00357196,0.220707
-0.00356696,0.222307
-0.00356196,0.225506
-0.00355696,0.222307
-0.00355196,0.225506
-0.00354696,0.219107
-0.00354196,0.223907
-0.00353696,0.227106
-0.00353196,0.222307
-0.00352696,0.222307
-0.00352196,0.227106
-0.00351696,0.220707
-0.00351196,0.222307
-0.00350696,0.223907
-0.00350196,0.223907
-0.00349696,0.220707
-0.00349196,0.225506
-0.00348696,0.222307
-0.00348196,0.222307
-0.00347696,0.227106
-0.00347196,0.225506
-0.00346696,0.223907
-0.00346196,0.223907
-0.00345696,0.225506
-0.00345196,0.222307
-0.00344696,0.230306
-0.00344196,0.225506
-0.00343696,0.222307
-0.00343196,0.223907
-0.00342696,0.227106
-0.00342196,0.222307
-0.00341696,0.225506
-0.00341196,0.222307
-0.00340696,0.225506
-0.00340196,0.225506
-0.00339696,0.227106
-0.00339196,0.222307
-0.00338696,0.227106
-0.00338196,0.222307
-0.00337696,0.223907
-0.00337196,0.223907
-0.00336696,0.223907
-0.00336196,0.219107
-0.00335696,0.227106
-0.00335196,0.223907
-0.00334696,0.223907
-0.00334196,0.223907
-0.00333696,0.225506
-0.00333196,0.222307
-0.00332696,0.225506
-0.00332196,0.222307
-0.00331696,0.222307
-0.00331196,0.223907
-0.00330696,0.223907
-0.00330196,0.219107
-0.00329696,0.227106
-0.00329196,0.225506
-0.00328696,0.217507
-0.00328196,0.222307
-0.00327696,0.222307
-0.00327196,0.222307
-0.00326696,0.223907
-0.00326196,0.217507
-0.00325696,0.220707
-0.00325196,0.222307
-0.00324696,0.219107
-0.00324196,0.217507
-0.00323696,0.222307
-0.00323196,0.217507
-0.00322696,0.222307
-0.00322196,0.222307
-0.00321696,0.220707
-0.00321196,0.217507
-0.00320696,0.223907
-0.00320196,0.222307
-0.00319696,0.219107
-0.00319196,0.222307
-0.00318696,0.220707
-0.00318196,0.220707
-0.00317696,0.223907
-0.00317196,0.223907
-0.00316696,0.222307
-0.00316196,0.227106
-0.00315696,0.220707
-0.00315196,0.222307
-0.00314696,0.225506
-0.00314196,0.222307
-0.00313696,0.220707
-0.00313196,0.227106
-0.00312696,0.222307
-0.00312196,0.223907
-0.00311696,0.225506
-0.00311196,0.225506
-0.00310696,0.223907
-0.00310196,0.223907
-0.00309696,0.223907
-0.00309196,0.222307
-0.00308696,0.223907
-0.00308196,0.222307
-0.00307696,0.223907
-0.00307196,0.220707
-0.00306696,0.225506
-0.00306196,0.220707
-0.00305696,0.225506
-0.00305196,0.225506
-0.00304696,0.223907
-0.00304196,0.223907
-0.00303696,0.223907
-0.00303196,0.222307
-0.00302696,0.225506
-0.00302196,0.220707
-0.00301696,0.220707
-0.00301196,0.227106
-0.00300696,0.223907
-0.00300196,0.223907
-0.00299696,0.225506
-0.00299196,0.222307
-0.00298696,0.222307
-0.00298196,0.223907
-0.00297696,0.225506
-0.00297196,0.220707
-0.00296696,0.227106
-0.00296196,0.223907
-0.00295696,0.220707
-0.00295196,0.227106
-0.00294696,0.222307
-0.00294196,0.220707
-0.00293696,0.223907
-0.00293196,0.223907
-0.00292696,0.222307
-0.00292196,0.222307
-0.00291696,0.219107
-0.00291196,0.215907
-0.00290696,0.222307
-0.00290196,0.220707
-0.00289696,0.217507
-0.00289196,0.214307
-0.00288696,0.217507
-0.00288196,0.215907
-0.00287696,0.212707
-0.00287196,0.214307
-0.00286696,0.206307
-0.00286196,0.215907
-0.00285696,0.207907
-0.00285196,0.214307
-0.00284696,0.209507
-0.00284196,0.212707
-0.00283696,0.209507
-0.00283196,0.215907
-0.00282696,0.212707
-0.00282196,0.211107
-0.00281696,0.214307
-0.00281196,0.214307
-0.00280696,0.215907
-0.00280196,0.215907
-0.00279696,0.215907
-0.00279196,0.215907
-0.00278696,0.220707
-0.00278196,0.215907
-0.00277696,0.217507
-0.00277196,0.220707
-0.00276696,0.222307
-0.00276196,0.217507
-0.00275696,0.225506
-0.00275196,0.222307
-0.00274696,0.219107
-0.00274196,0.223907
-0.00273696,0.222307
-0.00273196,0.220707
-0.00272696,0.222307
-0.00272196,0.223907
-0.00271696,0.217507
-0.00271196,0.223907
-0.00270696,0.222307
-0.00270196,0.220707
-0.00269696,0.222307
-0.00269196,0.223907
-0.00268696,0.220707
-0.00268196,0.223907
-0.00267696,0.222307
-0.00267196,0.220707
-0.00266696,0.222307
-0.00266196,0.222307
-0.00265696,0.223907
-0.00265196,0.222307
-0.00264696,0.222307
-0.00264196,0.222307
-0.00263696,0.225506
-0.00263196,0.222307
-0.00262696,0.222307
-0.00262196,0.223907
-0.00261696,0.222307
-0.00261196,0.219107
-0.00260696,0.222307
-0.00260196,0.227106
-0.00259696,0.219107
-0.00259196,0.228706
-0.00258696,0.220707
-0.00258196,0.222307
-0.00257696,0.222307
-0.00257196,0.222307
-0.00256696,0.220707
-0.00256196,0.225506
-0.00255696,0.222307
-0.00255196,0.220707
-0.00254696,0.227106
-0.00254196,0.222307
-0.00253696,0.220707
-0.00253196,0.223907
-0.00252696,0.225506
-0.00252196,0.215907
-0.00251696,0.223907
-0.00251196,0.223907
-0.00250696,0.219107
-0.00250196,0.222307
-0.00249696,0.220707
-0.00249196,0.223907
-0.00248696,0.223907
-0.00248196,0.222307
-0.00247696,0.219107
-0.00247196,0.220707
-0.00246696,0.223907
-0.00246196,0.219107
-0.00245696,0.222307
-0.00245196,0.217507
-0.00244696,0.219107
-0.00244196,0.217507
-0.00243696,0.220707
-0.00243196,0.214307
-0.00242696,0.223907
-0.00242196,0.217507
-0.00241696,0.219107
-0.00241196,0.219107
-0.00240696,0.219107
-0.00240196,0.220707
-0.00239696,0.220707
-0.00239196,0.222307
-0.00238696,0.215907
-0.00238196,0.227106
-0.00237696,0.220707
-0.00237196,0.222307
-0.00236696,0.225506
-0.00236196,0.222307
-0.00235696,0.219107
-0.00235196,0.223907
-0.00234696,0.223907
-0.00234196,0.222307
-0.00233696,0.222307
-0.00233196,0.222307
-0.00232696,0.222307
-0.00232196,0.223907
-0.00231696,0.222307
-0.00231196,0.220707
-0.00230696,0.223907
-0.00230196,0.223907
-0.00229696,0.227106
-0.00229196,0.223907
-0.00228696,0.223907
-0.00228196,0.223907
-0.00227696,0.227106
-0.00227196,0.220707
-0.00226696,0.225506
-0.00226196,0.225506
-0.00225696,0.227106
-0.00225196,0.222307
-0.00224696,0.223907
-0.00224196,0.222307
-0.00223696,0.225506
-0.00223196,0.223907
-0.00222696,0.225506
-0.00222196,0.223907
-0.00221696,0.223907
-0.00221196,0.225506
-0.00220696,0.222307
-0.00220196,0.227106
-0.00219696,0.223907
-0.00219196,0.222307
-0.00218696,0.225506
-0.00218196,0.220707
-0.00217696,0.223907
-0.00217196,0.225506
-0.00216696,0.223907
-0.00216196,0.220707
-0.00215696,0.223907
-0.00215196,0.223907
-0.00214696,0.222307
-0.00214196,0.225506
-0.00213696,0.225506
-0.00213196,0.222307
-0.00212696,0.225506
-0.00212196,0.223907
-0.00211696,0.217507
-0.00211196,0.227106
-0.00210696,0.223907
-0.00210196,0.225506
-0.00209696,0.225506
-0.00209196,0.225506
-0.00208696,0.220707
-0.00208196,0.225506
-0.00207696,0.225506
-0.00207196,0.223907
-0.00206696,0.227106
-0.00206196,0.225506
-0.00205696,0.223907
-0.00205196,0.223907
-0.00204696,0.222307
-0.00204196,0.220707
-0.00203696,0.223907
-0.00203196,0.228706
-0.00202696,0.220707
-0.00202196,0.223907
-0.00201696,0.223907
-0.00201196,0.222307
-0.00200696,0.222307
-0.00200196,0.225506
-0.00199696,0.220707
-0.00199196,0.227106
-0.00198696,0.220707
-0.00198196,0.223907
-0.00197696,0.223907
-0.00197196,0.223907
-0.00196696,0.222307
-0.00196196,0.227106
-0.00195696,0.222307
-0.00195196,0.222307
-0.00194696,0.227106
-0.00194196,0.225506
-0.00193696,0.223907
-0.00193196,0.222307
-0.00192696,0.223907
-0.00192196,0.220707
-0.00191696,0.223907
-0.00191196,0.225506
-0.00190696,0.225506
-0.00190196,0.223907
-0.00189696,0.223907
-0.00189196,0.220707
-0.00188696,0.227106
-0.00188196,0.222307
-0.00187696,0.220707
-0.00187196,0.223907
-0.00186696,0.222307
-0.00186196,0.222307
-0.00185696,0.222307
-0.00185196,0.225506
-0.00184696,0.219107
-0.00184196,0.227106
-0.00183696,0.223907
-0.00183196,0.222307
-0.00182696,0.223907
-0.00182196,0.225506
-0.00181696,0.220707
-0.00181196,0.225506
-0.00180696,0.228706
-0.00180196,0.223907
-0.00179696,0.225506
-0.00179196,0.222307
-0.00178696,0.223907
-0.00178196,0.223907
-0.00177696,0.223907
-0.00177196,0.222307
-0.00176696,0.223907
-0.00176196,0.222307
-0.00175696,0.222307
-0.00175196,0.227106
-0.00174696,0.222307
-0.00174196,0.225506
-0.00173696,0.223907
-0.00173196,0.223907
-0.00172696,0.222307
-0.00172196,0.227106
-0.00171696,0.223907
-0.00171196,0.222307
-0.00170696,0.225506
-0.00170196,0.227106
-0.00169696,0.220707
-0.00169196,0.222307
-0.00168696,0.222307
-0.00168196,0.223907
-0.00167696,0.227106
-0.00167196,0.222307
-0.00166696,0.220707
-0.00166196,0.227106
-0.00165696,0.223907
-0.00165196,0.222307
-0.00164696,0.225506
-0.00164196,0.222307
-0.00163696,0.222307
-0.00163196,0.227106
-0.00162696,0.223907
-0.00162196,0.222307
-0.00161696,0.225506
-0.00161196,0.220707
-0.00160696,0.223907
-0.00160196,0.227106
-0.00159696,0.227106
-0.00159196,0.222307
-0.00158696,0.225506
-0.00158196,0.227106
-0.00157696,0.223907
-0.00157196,0.222307
-0.00156696,0.225506
-0.00156196,0.222307
-0.00155696,0.220707
-0.00155196,0.223907
-0.00154696,0.222307
-0.00154196,0.225506
-0.00153696,0.223907
-0.00153196,0.223907
-0.00152696,0.223907
-0.00152196,0.227106
-0.00151696,0.222307
-0.00151196,0.227106
-0.00150696,0.223907
-0.00150196,0.220707
-0.00149696,0.225506
-0.00149196,0.223907
-0.00148696,0.225506
-0.00148196,0.223907
-0.00147696,0.225506
-0.00147196,0.222307
-0.00146696,0.223907
-0.00146196,0.223907
-0.00145696,0.220707
-0.00145196,0.225506
-0.00144696,0.223907
-0.00144196,0.223907
-0.00143696,0.223907
-0.00143196,0.220707
-0.00142696,0.220707
-0.00142196,0.225506
-0.00141696,0.220707
-0.00141196,0.223907
-0.00140696,0.223907
-0.00140196,0.225506
-0.00139696,0.220707
-0.00139196,0.223907
-0.00138696,0.223907
-0.00138196,0.219107
-0.00137696,0.225506
-0.00137196,0.223907
-0.00136696,0.220707
-0.00136196,0.227106
-0.00135696,0.227106
-0.00135196,0.225506
-0.00134696,0.223907
-0.00134196,0.220707
-0.00133696,0.222307
-0.00133196,0.227106
-0.00132696,0.227106
-0.00132196,0.219107
-0.00131696,0.225506
-0.00131196,0.223907
-0.00130696,0.222307
-0.00130196,0.225506
-0.00129696,0.223907
-0.00129196,0.227106
-0.00128696,0.223907
-0.00128196,0.227106
-0.00127696,0.222307
-0.00127196,0.227106
-0.00126696,0.225506
-0.00126196,0.222307
-0.00125696,0.222307
-0.00125196,0.222307
-0.00124696,0.219107
-0.00124196,0.228706
-0.00123696,0.223907
-0.00123196,0.220707
-0.00122696,0.222307
-0.00122196,0.225506
-0.00121696,0.225506
-0.00121196,0.225506
-0.00120696,0.223907
-0.00120196,0.220707
-0.00119696,0.227106
-0.00119196,0.227106
-0.00118696,0.225506
-0.00118196,0.223907
-0.00117696,0.227106
-0.00117196,0.222307
-0.00116696,0.225506
-0.00116196,0.225506
-0.00115696,0.220707
-0.00115196,0.225506
-0.00114696,0.223907
-0.00114196,0.225506
-0.00113696,0.223907
-0.00113196,0.223907
-0.00112696,0.220707
-0.00112196,0.227106
-0.00111696,0.223907
-0.00111196,0.223907
-0.00110696,0.227106
-0.00110196,0.222307
-0.00109696,0.220707
-0.00109196,0.222307
-0.00108696,0.225506
-0.00108196,0.225506
-0.00107696,0.225506
-0.00107196,0.223907
-0.00106696,0.223907
-0.00106196,0.225506
-0.00105696,0.220707
-0.00105196,0.222307
-0.00104696,0.225506
-0.00104196,0.223907
-0.00103696,0.217507
-0.00103196,0.223907
-0.00102696,0.225506
-0.00102196,0.222307
-0.00101696,0.223907
-0.00101196,0.222307
-0.00100696,0.227106
-0.00100196,0.225506
-0.0009969596,0.225506
-0.0009919596,0.222307
-0.0009869596,0.225506
-0.0009819596,0.225506
-0.0009769596,0.222307
-0.0009719596,0.227106
-0.0009669596,0.223907
-0.0009619596,0.223907
-0.0009569596,0.223907
-0.0009519596,0.225506
-0.0009469596,0.222307
-0.0009419596,0.225506
-0.0009369596,0.225506
-0.0009319596,0.225506
-0.0009269596,0.225506
-0.0009219596,0.225506
-0.0009169596,0.220707
-0.0009119596,0.225506
-0.0009069596,0.223907
-0.0009019596,0.220707
-0.0008969596,0.225506
-0.0008919596,0.223907
-0.0008869596,0.222307
-0.0008819596,0.225506
-0.0008769596,0.223907
-0.0008719596,0.223907
-0.0008669596,0.227106
-0.0008619596,0.223907
-0.0008569596,0.227106
-0.0008519596,0.225506
-0.0008469596,0.220707
-0.0008419596,0.222307
-0.0008369596,0.225506
-0.0008319596,0.222307
-0.0008269596,0.222307
-0.0008219596,0.225506
-0.0008169596,0.225506
-0.0008119596,0.220707
-0.0008069596,0.225506
-0.0008019596,0.219107
-0.0007969596,0.220707
-0.0007919596,0.225506
-0.0007869596,0.222307
-0.0007819596,0.223907
-0.0007769596,0.225506
-0.0007719596,0.223907
-0.0007669596,0.222307
-0.0007619596,0.227106
-0.0007569596,0.223907
-0.0007519596,0.222307
-0.0007469596,0.223907
-0.0007419596,0.222307
-0.0007369596,0.222307
-0.0007319596,0.223907
-0.0007269596,0.223907
-0.0007219596,0.223907
-0.0007169596,0.223907
-0.0007119596,0.225506
-0.0007069596,0.223907
-0.0007019596,0.225506
-0.0006969596,0.222307
-0.0006919596,0.223907
-0.0006869596,0.225506
-0.0006819596,0.222307
-0.0006769596,0.222307
-0.0006719596,0.225506
-0.0006669596,0.223907
-0.0006619596,0.220707
-0.0006569596,0.222307
-0.0006519596,0.227106
-0.0006469596,0.220707
-0.0006419596,0.227106
-0.0006369596,0.223907
-0.0006319596,0.222307
-0.0006269596,0.225506
-0.0006219596,0.227106
-0.0006169596,0.222307
-0.0006119596,0.222307
-0.0006069596,0.225506
-0.0006019596,0.222307
-0.0005969596,0.227106
-0.0005919596,0.225506
-0.0005869596,0.220707
-0.0005819596,0.225506
-0.0005769596,0.225506
-0.0005719596,0.222307
-0.0005669596,0.223907
-0.0005619596,0.220707
-0.0005569596,0.220707
-0.0005519596,0.223907
-0.0005469596,0.222307
-0.0005419596,0.222307
-0.0005369596,0.225506
-0.0005319596,0.225506
-0.0005269596,0.222307
-0.0005219596,0.222307
-0.0005169596,0.223907
-0.0005119596,0.220707
-0.0005069596,0.225506
-0.0005019596,0.222307
-0.0004969596,0.223907
-0.0004919596,0.220707
-0.0004869596,0.225506
-0.0004819596,0.222307
-0.0004769596,0.227106
-0.0004719596,0.219107
-0.0004669596,0.222307
-0.0004619596,0.223907
-0.0004569596,0.223907
-0.0004519596,0.220707
-0.0004469596,0.225506
-0.0004419596,0.223907
-0.0004369596,0.225506
-0.0004319596,0.227106
-0.0004269596,0.222307
-0.0004219596,0.223907
-0.0004169596,0.228706
-0.0004119596,0.228706
-0.0004069596,0.220707
-0.0004019596,0.225506
-0.0003969596,0.223907
-0.0003919596,0.223907
-0.0003869596,0.227106
-0.0003819596,0.225506
-0.0003769596,0.222307
-0.0003719596,0.223907
-0.0003669596,0.223907
-0.0003619596,0.223907
-0.0003569596,0.223907
-0.0003519596,0.223907
-0.0003469596,0.220707
-0.0003419596,0.225506
-0.0003369596,0.225506
-0.0003319596,0.223907
-0.0003269596,0.227106
-0.0003219596,0.230306
-0.0003169596,0.220707
-0.0003119596,0.225506
-0.0003069596,0.220707
-0.0003019596,0.223907
-0.0002969596,0.227106
-0.0002919596,0.223907
-0.0002869596,0.220707
-0.0002819596,0.223907
-0.0002769596,0.223907
-0.0002719596,0.222307
-0.0002669596,0.222307
-0.0002619596,0.220707
-0.0002569596,0.220707
-0.0002519596,0.227106
-0.0002469596,0.220707
-0.0002419596,0.217507
-0.0002369596,0.220707
-0.0002319596,0.220707
-0.0002269596,0.217507
-0.0002219596,0.219107
-0.0002169596,0.215907
-0.0002119596,0.214307
-0.0002069596,0.219107
-0.0002019596,0.215907
-0.0001969596,0.219107
-0.0001919596,0.219107
-0.0001869596,0.215907
-0.0001819596,0.217507
-0.0001769596,0.220707
-0.0001719596,0.220707
-0.0001669596,0.217507
-0.0001619596,0.223907
-0.0001569596,0.220707
-0.0001519596,0.220707
-0.0001469596,0.223907
-0.0001419596,0.219107
-0.0001369596,0.217507
-0.0001319596,0.223907
-0.0001269596,0.219107
-0.0001219596,0.219107
-0.0001169596,0.222307
-0.0001119596,0.223907
-0.0001069596,0.220707
-0.0001019596,0.223907
-9.695955e-005,0.219107
-9.195955e-005,0.220707
-8.695955e-005,0.222307
-8.195955e-005,0.223907
-7.695955e-005,0.219107
-7.195955e-005,0.225506
-6.695955e-005,0.223907
-6.195955e-005,0.219107
-5.695955e-005,0.228706
-5.195955e-005,0.220707
-4.695955e-005,0.220707
-4.195955e-005,0.222307
-3.695955e-005,0.225506
-3.195955e-005,0.219107
-2.695955e-005,0.225506
-2.195955e-005,0.222307
-1.695955e-005,0.220707
-1.195955e-005,0.223907
-6.95955e-006,0.222307
-1.95955e-006,0.222307
3.04045e-006,0.222307
8.04045e-006,0.222307
1.304045e-005,0.220707
1.804045e-005,0.223907
2.304045e-005,0.223907
2.804045e-005,0.222307
3.304045e-005,0.225506
3.804045e-005,0.222307
4.304045e-005,0.220707
4.804045e-005,0.222307
5.304045e-005,0.219107
5.804045e-005,0.220707
6.304045e-005,0.222307
6.804045e-005,0.225506
7.304045e-005,0.222307
7.804045e-005,0.223907
8.304045e-005,0.223907
8.804045e-005,0.220707
9.304045e-005,0.227106
9.804045e-005,0.219107
0.0001030404,0.223907
0.0001080404,0.225506
0.0001130404,0.219107
0.0001180404,0.222307
0.0001230404,0.225506
0.0001280404,0.223907
0.0001330404,0.220707
0.0001380404,0.223907
0.0001430404,0.222307
0.0001480404,0.220707
0.0001530404,0.223907
0.0001580404,0.220707
0.0001630404,0.219107
0.0001680404,0.222307
0.0001730404,0.219107
0.0001780404,0.223907
0.0001830404,0.223907
0.0001880404,0.222307
0.0001930404,0.220707
0.0001980404,0.223907
0.0002030404,0.220707
0.0002080404,0.219107
0.0002130404,0.223907
0.0002180404,0.223907
0.0002230404,0.222307
0.0002280404,0.222307
0.0002330404,0.220707
0.0002380404,0.222307
0.0002430404,0.222307
0.0002480404,0.223907
0.0002530404,0.219107
0.0002580404,0.223907
0.0002630404,0.219107
0.0002680404,0.220707
0.0002730404,0.222307
0.0002780404,0.222307
0.0002830404,0.217507
0.0002880404,0.223907
0.0002930404,0.222307
0.0002980404,0.223907
0.0003030404,0.225506
0.0003080404,0.222307
0.0003130404,0.219107
0.0003180404,0.222307
0.0003230404,0.225506
0.0003280404,0.220707
0.0003330404,0.222307
0.0003380404,0.222307
0.0003430404,0.220707
0.0003480404,0.223907
0.0003530404,0.222307
0.0003580404,0.222307
0.0003630404,0.225506
0.0003680404,0.223907
0.0003730404,0.220707
0.0003780404,0.223907
0.0003830404,0.220707
0.0003880404,0.217507
0.0003930404,0.227106
0.0003980404,0.220707
0.0004030404,0.222307
0.0004080404,0.227106
0.0004130404,0.222307
0.0004180404,0.222307
0.0004230404,0.225506
0.0004280404,0.225506
0.0004330404,0.220707
0.0004380404,0.225506
0.0004430404,0.225506
0.0004480404,0.219107
0.0004530404,0.223907
0.0004580404,0.223907
0.0004630404,0.223907
0.0004680404,0.223907
0.0004730404,0.219107
0.0004780404,0.222307
0.0004830404,0.223907
0.0004880404,0.222307
0.0004930404,0.222307
0.0004980404,0.227106
0.0005030404,0.223907
0.0005080404,0.220707
0.0005130404,0.225506
0.0005180404,0.222307
0.0005230404,0.220707
0.0005280404,0.222307
0.0005330404,0.223907
0.0005380404,0.222307
0.0005430404,0.222307
0.0005480404,0.225506
0.0005530404,0.217507
0.0005580404,0.225506
0.0005630404,0.223907
0.0005680404,0.223907
0.0005730404,0.223907
0.0005780404,0.222307
0.0005830404,0.222307
0.0005880404,0.223907
0.0005930404,0.222307
0.0005980404,0.222307
0.0006030404,0.223907
0.0006080404,0.220707
0.0006130404,0.222307
0.0006180404,0.222307
0.0006230404,0.223907
0.0006280404,0.220707
0.0006330404,0.227106
0.0006380404,0.223907
0.0006430404,0.223907
0.0006480404,0.222307
0.0006530404,0.222307
0.0006580404,0.222307
0.0006630404,0.223907
0.0006680404,0.225506
0.0006730404,0.222307
0.0006780404,0.223907
0.0006830404,0.223907
0.0006880404,0.222307
0.0006930404,0.225506
0.0006980404,0.225506
0.0007030404,0.220707
0.0007080404,0.223907
0.0007130404,0.220707
0.0007180404,0.222307
0.0007230404,0.225506
0.0007280404,0.227106
0.0007330404,0.222307
0.0007380404,0.225506
0.0007430404,0.220707
0.0007480404,0.222307
0.0007530404,0.225506
0.0007580404,0.222307
0.0007630404,0.220707
0.0007680404,0.223907
0.0007730404,0.222307
0.0007780404,0.220707
0.0007830404,0.225506
0.0007880404,0.223907
0.0007930404,0.220707
0.0007980404,0.225506
0.0008030404,0.225506
0.0008080404,0.223907
0.0008130404,0.225506
0.0008180404,0.220707
0.0008230404,0.217507
0.0008280404,0.222307
0.0008330404,0.225506
0.0008380404,0.222307
0.0008430404,0.220707
0.0008480404,0.225506
0.0008530404,0.220707
0.0008580404,0.223907
0.0008630404,0.222307
0.0008680404,0.220707
0.0008730404,0.227106
0.0008780404,0.220707
0.0008830404,0.219107
0.0008880404,0.223907
0.0008930404,0.223907
0.0008980404,0.222307
0.0009030404,0.225506
0.0009080404,0.220707
0.0009130404,0.220707
0.0009180404,0.225506
0.0009230404,0.223907
0.0009280404,0.222307
0.0009330404,0.223907
0.0009380404,0.222307
0.0009430404,0.219107
0.0009480404,0.223907
0.0009530404,0.223907
0.0009580404,0.223907
0.0009630404,0.223907
0.0009680404,0.222307
0.0009730404,0.222307
0.0009780404,0.227106
0.0009830404,0.219107
0.0009880404,0.220707
0.0009930404,0.222307
0.0009980404,0.220707
0.00100304,0.222307
0.00100804,0.222307
0.00101304,0.220707
0.00101804,0.220707
0.00102304,0.225506
0.00102804,0.220707
0.00103304,0.222307
0.00103804,0.223907
0.00104304,0.222307
0.00104804,0.222307
0.00105304,0.222307
0.00105804,0.222307
0.00106304,0.219107
0.00106804,0.225506
0.00107304,0.220707
0.00107804,0.222307
0.00108304,0.222307
0.00108804,0.223907
0.00109304,0.220707
0.00109804,0.223907
0.00110304,0.222307
0.00110804,0.223907
0.00111304,0.227106
0.00111804,0.222307
0.00112304,0.220707
0.00112804,0.225506
0.00113304,0.222307
0.00113804,0.220707
0.00114304,0.227106
0.00114804,0.219107
0.00115304,0.222307
0.00115804,0.223907
0.00116304,0.227106
0.00116804,0.223907
0.00117304,0.227106
0.00117804,0.223907
0.00118304,0.222307
0.00118804,0.225506
0.00119304,0.222307
0.00119804,0.222307
0.00120304,0.223907
0.00120804,0.223907
0.00121304,0.219107
0.00121804,0.223907
0.00122304,0.222307
0.00122804,0.223907
0.00123304,0.222307
0.00123804,0.223907
0.00124304,0.220707
0.00124804,0.222307
0.00125304,0.223907
0.00125804,0.222307
0.00126304,0.222307
0.00126804,0.225506
0.00127304,0.220707
0.00127804,0.230306
0.00128304,0.219107
0.00128804,0.220707
0.00129304,0.227106
0.00129804,0.223907
0.00130304,0.220707
0.00130804,0.228706
0.00131304,0.223907
0.00131804,0.219107
0.00132304,0.225506
0.00132804,0.223907
0.00133304,0.220707
0.00133804,0.223907
0.00134304,0.222307
0.00134804,0.217507
0.00135304,0.225506
0.00135804,0.225506
0.00136304,0.220707
0.00136804,0.222307
0.00137304,0.225506
0.00137804,0.220707
0.00138304,0.222307
0.00138804,0.223907
0.00139304,0.222307
0.00139804,0.222307
0.00140304,0.222307
0.00140804,0.223907
0.00141304,0.222307
0.00141804,0.225506
0.00142304,0.220707
0.00142804,0.227106
0.00143304,0.223907
0.00143804,0.220707
0.00144304,0.219107
0.00144804,0.227106
0.00145304,0.217507
0.00145804,0.227106
0.00146304,0.222307
0.00146804,0.220707
0.00147304,0.222307
0.00147804,0.222307
0.00148304,0.220707
0.00148804,0.227106
0.00149304,0.219107
0.00149804,0.222307
0.00150304,0.228706
0.00150804,0.220707
0.00151304,0.222307
0.00151804,0.227106
0.00152304,0.225506
0.00152804,0.220707
0.00153304,0.220707
0.00153804,0.225506
0.00154304,0.223907
0.00154804,0.222307
0.00155304,0.225506
0.00155804,0.220707
0.00156304,0.223907
0.00156804,0.223907
0.00157304,0.219107
0.00157804,0.225506
0.00158304,0.220707
0.00158804,0.223907
0.00159304,0.223907
0.00159804,0.227106
0.00160304,0.220707
0.00160804,0.228706
0.00161304,0.222307
0.00161804,0.222307
0.00162304,0.225506
0.00162804,0.220707
0.00163304,0.219107
0.00163804,0.225506
0.00164304,0.225506
0.00164804,0.220707
0.00165304,0.223907
0.00165804,0.220707
0.00166304,0.222307
0.00166804,0.223907
0.00167304,0.223907
0.00167804,0.219107
0.00168304,0.223907
0.00168804,0.223907
0.00169304,0.222307
0.00169804,0.225506
0.00170304,0.223907
0.00170804,0.223907
0.00171304,0.225506
0.00171804,0.223907
0.00172304,0.222307
0.00172804,0.225506
0.00173304,0.223907
0.00173804,0.220707
0.00174304,0.223907
0.00174804,0.222307
0.00175304,0.222307
0.00175804,0.225506
0.00176304,0.222307
0.00176804,0.214307
0.00177304,0.225506
0.00177804,0.223907
0.00178304,0.223907
0.00178804,0.227106
0.00179304,0.223907
0.00179804,0.220707
0.00180304,0.223907
0.00180804,0.223907
0.00181304,0.220707
0.00181804,0.223907
0.00182304,0.222307
0.00182804,0.222307
0.00183304,0.225506
0.00183804,0.222307
0.00184304,0.220707
0.00184804,0.223907
0.00185304,0.225506
0.00185804,0.222307
0.00186304,0.222307
0.00186804,0.223907
0.00187304,0.220707
0.00187804,0.223907
0.00188304,0.223907
0.00188804,0.220707
0.00189304,0.225506
0.00189804,0.227106
0.00190304,0.220707
0.00190804,0.227106
0.00191304,0.219107
0.00191804,0.222307
0.00192304,0.222307
0.00192804,0.223907
0.00193304,0.222307
0.00193804,0.223907
0.00194304,0.223907
0.00194804,0.220707
0.00195304,0.225506
0.00195804,0.225506
0.00196304,0.223907
0.00196804,0.223907
0.00197304,0.225506
0.00197804,0.222307
0.00198304,0.220707
0.00198804,0.220707
0.00199304,0.222307
0.00199804,0.225506
0.00200304,0.223907
0.00200804,0.222307
0.00201304,0.225506
0.00201804,0.223907
0.00202304,0.222307
0.00202804,0.223907
0.00203304,0.219107
0.00203804,0.219107
0.00204304,0.225506
0.00204804,0.225506
0.00205304,0.217507
0.00205804,0.225506
0.00206304,0.222307
