x-axis,1,2
second,Volt,Volt
-43.40000E-03,-16.26622E-03,+2.07751770E+00
-43.37200E-03,-16.26622E-03,+1.99711569E+00
-43.34400E-03,-16.26622E-03,+1.99711569E+00
-43.31600E-03,-16.26622E-03,+2.07751770E+00
-43.28800E-03,-16.26622E-03,+1.99711569E+00
-43.26000E-03,-16.26622E-03,+1.99711569E+00
-43.23200E-03,-16.26622E-03,+1.99711569E+00
-43.20400E-03,+23.93479E-03,+1.99711569E+00
-43.17600E-03,-16.26622E-03,+1.99711569E+00
-43.14800E-03,-16.26622E-03,+1.99711569E+00
-43.12000E-03,-16.26622E-03,+1.99711569E+00
-43.09200E-03,-16.26622E-03,+1.99711569E+00
-43.06400E-03,-16.26622E-03,+1.99711569E+00
-43.03600E-03,-16.26622E-03,+1.99711569E+00
-43.00800E-03,-56.46722E-03,+1.99711569E+00
-42.98000E-03,-16.26622E-03,+1.91671368E+00
-42.95200E-03,-16.26622E-03,+1.99711569E+00
-42.92400E-03,-16.26622E-03,+1.99711569E+00
-42.89600E-03,-16.26622E-03,+1.91671368E+00
-42.86800E-03,-16.26622E-03,+1.91671368E+00
-42.84000E-03,-16.26622E-03,+1.91671368E+00
-42.81200E-03,-16.26622E-03,+1.91671368E+00
-42.78400E-03,-16.26622E-03,+1.91671368E+00
-42.75600E-03,-16.26622E-03,+1.91671368E+00
-42.72800E-03,-16.26622E-03,+1.91671368E+00
-42.70000E-03,-16.26622E-03,+1.91671368E+00
-42.67200E-03,+23.93479E-03,+1.91671368E+00
-42.64400E-03,-16.26622E-03,+1.91671368E+00
-42.61600E-03,-16.26622E-03,+1.91671368E+00
-42.58800E-03,-16.26622E-03,+1.91671368E+00
-42.56000E-03,-16.26622E-03,+1.91671368E+00
-42.53200E-03,-16.26622E-03,+1.91671368E+00
-42.50400E-03,-16.26622E-03,+1.91671368E+00
-42.47600E-03,-16.26622E-03,+1.91671368E+00
-42.44800E-03,-16.26622E-03,+1.83631167E+00
-42.42000E-03,-56.46722E-03,+1.83631167E+00
-42.39200E-03,-16.26622E-03,+1.91671368E+00
-42.36400E-03,-16.26622E-03,+1.91671368E+00
-42.33600E-03,-16.26622E-03,+1.83631167E+00
-42.30800E-03,-16.26622E-03,+1.83631167E+00
-42.28000E-03,-16.26622E-03,+1.83631167E+00
-42.25200E-03,-16.26622E-03,+1.83631167E+00
-42.22400E-03,-16.26622E-03,+1.83631167E+00
-42.19600E-03,-16.26622E-03,+1.83631167E+00
-42.16800E-03,-16.26622E-03,+1.75590966E+00
-42.14000E-03,-16.26622E-03,+1.83631167E+00
-42.11200E-03,-16.26622E-03,+1.83631167E+00
-42.08400E-03,-16.26622E-03,+1.75590966E+00
-42.05600E-03,-16.26622E-03,+1.83631167E+00
-42.02800E-03,-16.26622E-03,+1.75590966E+00
-42.00000E-03,-16.26622E-03,+1.75590966E+00
-41.97200E-03,-56.46722E-03,+1.75590966E+00
-41.94400E-03,-16.26622E-03,+1.83631167E+00
-41.91600E-03,-16.26622E-03,+1.83631167E+00
-41.88800E-03,-16.26622E-03,+1.75590966E+00
-41.86000E-03,+23.93479E-03,+1.75590966E+00
-41.83200E-03,-16.26622E-03,+1.83631167E+00
-41.80400E-03,-16.26622E-03,+1.75590966E+00
-41.77600E-03,+23.93479E-03,+1.75590966E+00
-41.74800E-03,-16.26622E-03,+1.75590966E+00
-41.72000E-03,-16.26622E-03,+1.75590966E+00
-41.69200E-03,-16.26622E-03,+1.75590966E+00
-41.66400E-03,-16.26622E-03,+1.75590966E+00
-41.63600E-03,-16.26622E-03,+1.75590966E+00
-41.60800E-03,-16.26622E-03,+1.75590966E+00
-41.58000E-03,-16.26622E-03,+1.67550765E+00
-41.55200E-03,-16.26622E-03,+1.75590966E+00
-41.52400E-03,-16.26622E-03,+1.75590966E+00
-41.49600E-03,-16.26622E-03,+1.75590966E+00
-41.46800E-03,-16.26622E-03,+1.67550765E+00
-41.44000E-03,-16.26622E-03,+1.75590966E+00
-41.41200E-03,+23.93479E-03,+1.67550765E+00
-41.38400E-03,-16.26622E-03,+1.67550765E+00
-41.35600E-03,-16.26622E-03,+1.67550765E+00
-41.32800E-03,-16.26622E-03,+1.75590966E+00
-41.30000E-03,-16.26622E-03,+1.67550765E+00
-41.27200E-03,+23.93479E-03,+1.67550765E+00
-41.24400E-03,-16.26622E-03,+1.67550765E+00
-41.21600E-03,-16.26622E-03,+1.67550765E+00
-41.18800E-03,-16.26622E-03,+1.67550765E+00
-41.16000E-03,-16.26622E-03,+1.67550765E+00
-41.13200E-03,-16.26622E-03,+1.67550765E+00
-41.10400E-03,-16.26622E-03,+1.67550765E+00
-41.07600E-03,-16.26622E-03,+1.67550765E+00
-41.04800E-03,-16.26622E-03,+1.59510564E+00
-41.02000E-03,+23.93479E-03,+1.67550765E+00
-40.99200E-03,-16.26622E-03,+1.59510564E+00
-40.96400E-03,-16.26622E-03,+1.67550765E+00
-40.93600E-03,-56.46722E-03,+1.59510564E+00
-40.90800E-03,-16.26622E-03,+1.59510564E+00
-40.88000E-03,-16.26622E-03,+1.59510564E+00
-40.85200E-03,-16.26622E-03,+1.59510564E+00
-40.82400E-03,-16.26622E-03,+1.59510564E+00
-40.79600E-03,-16.26622E-03,+1.59510564E+00
-40.76800E-03,-16.26622E-03,+1.59510564E+00
-40.74000E-03,-16.26622E-03,+1.59510564E+00
-40.71200E-03,-16.26622E-03,+1.59510564E+00
-40.68400E-03,-16.26622E-03,+1.51470363E+00
-40.65600E-03,-16.26622E-03,+1.59510564E+00
-40.62800E-03,-16.26622E-03,+1.59510564E+00
-40.60000E-03,-56.46722E-03,+1.51470363E+00
-40.57200E-03,-16.26622E-03,+1.51470363E+00
-40.54400E-03,-16.26622E-03,+1.51470363E+00
-40.51600E-03,-16.26622E-03,+1.59510564E+00
-40.48800E-03,-16.26622E-03,+1.51470363E+00
-40.46000E-03,-16.26622E-03,+1.51470363E+00
-40.43200E-03,-16.26622E-03,+1.51470363E+00
-40.40400E-03,-16.26622E-03,+1.51470363E+00
-40.37600E-03,-16.26622E-03,+1.51470363E+00
-40.34800E-03,-16.26622E-03,+1.51470363E+00
-40.32000E-03,-16.26622E-03,+1.51470363E+00
-40.29200E-03,+23.93479E-03,+1.51470363E+00
-40.26400E-03,-16.26622E-03,+1.43430162E+00
-40.23600E-03,-16.26622E-03,+1.51470363E+00
-40.20800E-03,-16.26622E-03,+1.43430162E+00
-40.18000E-03,-16.26622E-03,+1.51470363E+00
-40.15200E-03,-16.26622E-03,+1.51470363E+00
-40.12400E-03,-16.26622E-03,+1.51470363E+00
-40.09600E-03,-16.26622E-03,+1.51470363E+00
-40.06800E-03,-16.26622E-03,+1.51470363E+00
-40.04000E-03,-16.26622E-03,+1.43430162E+00
-40.01200E-03,-16.26622E-03,+1.43430162E+00
-39.98400E-03,-16.26622E-03,+1.43430162E+00
-39.95600E-03,-56.46722E-03,+1.43430162E+00
-39.92800E-03,-16.26622E-03,+1.43430162E+00
-39.90000E-03,-16.26622E-03,+1.43430162E+00
-39.87200E-03,-16.26622E-03,+1.43430162E+00
-39.84400E-03,-16.26622E-03,+1.43430162E+00
-39.81600E-03,-16.26622E-03,+1.43430162E+00
-39.78800E-03,-16.26622E-03,+1.35389961E+00
-39.76000E-03,-16.26622E-03,+1.43430162E+00
-39.73200E-03,-16.26622E-03,+1.43430162E+00
-39.70400E-03,-16.26622E-03,+1.43430162E+00
-39.67600E-03,-16.26622E-03,+1.35389961E+00
-39.64800E-03,-16.26622E-03,+1.35389961E+00
-39.62000E-03,-16.26622E-03,+1.43430162E+00
-39.59200E-03,-16.26622E-03,+1.35389961E+00
-39.56400E-03,-16.26622E-03,+1.35389961E+00
-39.53600E-03,-56.46722E-03,+1.35389961E+00
-39.50800E-03,-16.26622E-03,+1.35389961E+00
-39.48000E-03,-16.26622E-03,+1.35389961E+00
-39.45200E-03,-16.26622E-03,+1.35389961E+00
-39.42400E-03,-16.26622E-03,+1.35389961E+00
-39.39600E-03,+23.93479E-03,+1.35389961E+00
-39.36800E-03,-16.26622E-03,+1.35389961E+00
-39.34000E-03,-16.26622E-03,+1.35389961E+00
-39.31200E-03,-16.26622E-03,+1.35389961E+00
-39.28400E-03,-16.26622E-03,+1.35389961E+00
-39.25600E-03,-16.26622E-03,+1.35389961E+00
-39.22800E-03,-16.26622E-03,+1.27349760E+00
-39.20000E-03,-16.26622E-03,+1.27349760E+00
-39.17200E-03,-16.26622E-03,+1.27349760E+00
-39.14400E-03,-16.26622E-03,+1.27349760E+00
-39.11600E-03,-16.26622E-03,+1.27349760E+00
-39.08800E-03,-16.26622E-03,+1.27349760E+00
-39.06000E-03,-16.26622E-03,+1.27349760E+00
-39.03200E-03,-16.26622E-03,+1.27349760E+00
-39.00400E-03,-16.26622E-03,+1.27349760E+00
-38.97600E-03,-16.26622E-03,+1.27349760E+00
-38.94800E-03,-16.26622E-03,+1.27349760E+00
-38.92000E-03,-56.46722E-03,+1.27349760E+00
-38.89200E-03,-16.26622E-03,+1.19309559E+00
-38.86400E-03,-56.46722E-03,+1.27349760E+00
-38.83600E-03,-16.26622E-03,+1.27349760E+00
-38.80800E-03,+23.93479E-03,+1.27349760E+00
-38.78000E-03,-16.26622E-03,+1.27349760E+00
-38.75200E-03,-16.26622E-03,+1.19309559E+00
-38.72400E-03,-56.46722E-03,+1.27349760E+00
-38.69600E-03,-16.26622E-03,+1.19309559E+00
-38.66800E-03,-16.26622E-03,+1.19309559E+00
-38.64000E-03,-16.26622E-03,+1.27349760E+00
-38.61200E-03,-16.26622E-03,+1.19309559E+00
-38.58400E-03,-16.26622E-03,+1.27349760E+00
-38.55600E-03,-16.26622E-03,+1.19309559E+00
-38.52800E-03,-16.26622E-03,+1.19309559E+00
-38.50000E-03,-16.26622E-03,+1.19309559E+00
-38.47200E-03,-16.26622E-03,+1.19309559E+00
-38.44400E-03,-16.26622E-03,+1.19309559E+00
-38.41600E-03,+23.93479E-03,+1.19309559E+00
-38.38800E-03,-16.26622E-03,+1.19309559E+00
-38.36000E-03,-16.26622E-03,+1.19309559E+00
-38.33200E-03,-16.26622E-03,+1.11269359E+00
-38.30400E-03,-16.26622E-03,+1.11269359E+00
-38.27600E-03,-16.26622E-03,+1.19309559E+00
-38.24800E-03,-16.26622E-03,+1.19309559E+00
-38.22000E-03,-16.26622E-03,+1.11269359E+00
-38.19200E-03,-16.26622E-03,+1.19309559E+00
-38.16400E-03,-16.26622E-03,+1.11269359E+00
-38.13600E-03,-16.26622E-03,+1.11269359E+00
-38.10800E-03,+23.93479E-03,+1.11269359E+00
-38.08000E-03,-16.26622E-03,+1.11269359E+00
-38.05200E-03,-16.26622E-03,+1.11269359E+00
-38.02400E-03,-16.26622E-03,+1.11269359E+00
-37.99600E-03,-16.26622E-03,+1.11269359E+00
-37.96800E-03,-16.26622E-03,+1.11269359E+00
-37.94000E-03,-16.26622E-03,+1.11269359E+00
-37.91200E-03,+23.93479E-03,+1.11269359E+00
-37.88400E-03,-16.26622E-03,+1.11269359E+00
-37.85600E-03,-16.26622E-03,+1.03229158E+00
-37.82800E-03,-16.26622E-03,+1.11269359E+00
-37.80000E-03,-16.26622E-03,+1.03229158E+00
-37.77200E-03,-16.26622E-03,+1.03229158E+00
-37.74400E-03,-16.26622E-03,+1.03229158E+00
-37.71600E-03,-16.26622E-03,+1.11269359E+00
-37.68800E-03,-16.26622E-03,+1.03229158E+00
-37.66000E-03,-16.26622E-03,+1.03229158E+00
-37.63200E-03,-16.26622E-03,+1.03229158E+00
-37.60400E-03,-16.26622E-03,+1.03229158E+00
-37.57600E-03,-16.26622E-03,+1.03229158E+00
-37.54800E-03,-16.26622E-03,+1.03229158E+00
-37.52000E-03,-16.26622E-03,+1.03229158E+00
-37.49200E-03,-16.26622E-03,+1.03229158E+00
-37.46400E-03,-16.26622E-03,+1.03229158E+00
-37.43600E-03,-16.26622E-03,+1.03229158E+00
-37.40800E-03,-16.26622E-03,+951.88957E-03
-37.38000E-03,-16.26622E-03,+1.03229158E+00
-37.35200E-03,-16.26622E-03,+1.03229158E+00
-37.32400E-03,-16.26622E-03,+951.88957E-03
-37.29600E-03,-16.26622E-03,+1.03229158E+00
-37.26800E-03,-16.26622E-03,+951.88957E-03
-37.24000E-03,-16.26622E-03,+951.88957E-03
-37.21200E-03,-16.26622E-03,+951.88957E-03
-37.18400E-03,-16.26622E-03,+951.88957E-03
-37.15600E-03,-16.26622E-03,+951.88957E-03
-37.12800E-03,-16.26622E-03,+951.88957E-03
-37.10000E-03,-16.26622E-03,+951.88957E-03
-37.07200E-03,-56.46722E-03,+951.88957E-03
-37.04400E-03,-16.26622E-03,+951.88957E-03
-37.01600E-03,-16.26622E-03,+951.88957E-03
-36.98800E-03,-16.26622E-03,+951.88957E-03
-36.96000E-03,-16.26622E-03,+951.88957E-03
-36.93200E-03,+23.93479E-03,+951.88957E-03
-36.90400E-03,-16.26622E-03,+871.48756E-03
-36.87600E-03,-16.26622E-03,+871.48756E-03
-36.84800E-03,-16.26622E-03,+871.48756E-03
-36.82000E-03,-16.26622E-03,+871.48756E-03
-36.79200E-03,+23.93479E-03,+871.48756E-03
-36.76400E-03,-16.26622E-03,+871.48756E-03
-36.73600E-03,-16.26622E-03,+871.48756E-03
-36.70800E-03,+23.93479E-03,+871.48756E-03
-36.68000E-03,+23.93479E-03,+871.48756E-03
-36.65200E-03,+23.93479E-03,+871.48756E-03
-36.62400E-03,+23.93479E-03,+791.08555E-03
-36.59600E-03,+23.93479E-03,+791.08555E-03
-36.56800E-03,-16.26622E-03,+871.48756E-03
-36.54000E-03,+23.93479E-03,+791.08555E-03
-36.51200E-03,-16.26622E-03,+791.08555E-03
-36.48400E-03,-16.26622E-03,+871.48756E-03
-36.45600E-03,-16.26622E-03,+791.08555E-03
-36.42800E-03,-16.26622E-03,+871.48756E-03
-36.40000E-03,-16.26622E-03,+791.08555E-03
-36.37200E-03,-16.26622E-03,+791.08555E-03
-36.34400E-03,-16.26622E-03,+791.08555E-03
-36.31600E-03,-16.26622E-03,+871.48756E-03
-36.28800E-03,-16.26622E-03,+791.08555E-03
-36.26000E-03,-16.26622E-03,+791.08555E-03
-36.23200E-03,-16.26622E-03,+791.08555E-03
-36.20400E-03,-16.26622E-03,+791.08555E-03
-36.17600E-03,-16.26622E-03,+791.08555E-03
-36.14800E-03,+23.93479E-03,+710.68354E-03
-36.12000E-03,-56.46722E-03,+871.48756E-03
-36.09200E-03,-16.26622E-03,+791.08555E-03
-36.06400E-03,-16.26622E-03,+791.08555E-03
-36.03600E-03,-16.26622E-03,+791.08555E-03
-36.00800E-03,-16.26622E-03,+791.08555E-03
-35.98000E-03,-16.26622E-03,+791.08555E-03
-35.95200E-03,-16.26622E-03,+710.68354E-03
-35.92400E-03,-16.26622E-03,+791.08555E-03
-35.89600E-03,+23.93479E-03,+710.68354E-03
-35.86800E-03,-16.26622E-03,+710.68354E-03
-35.84000E-03,-16.26622E-03,+710.68354E-03
-35.81200E-03,-16.26622E-03,+710.68354E-03
-35.78400E-03,-16.26622E-03,+710.68354E-03
-35.75600E-03,-16.26622E-03,+710.68354E-03
-35.72800E-03,-16.26622E-03,+710.68354E-03
-35.70000E-03,-16.26622E-03,+630.28153E-03
-35.67200E-03,-16.26622E-03,+710.68354E-03
-35.64400E-03,-16.26622E-03,+710.68354E-03
-35.61600E-03,-16.26622E-03,+710.68354E-03
-35.58800E-03,-16.26622E-03,+630.28153E-03
-35.56000E-03,-16.26622E-03,+710.68354E-03
-35.53200E-03,-16.26622E-03,+710.68354E-03
-35.50400E-03,-16.26622E-03,+710.68354E-03
-35.47600E-03,-16.26622E-03,+630.28153E-03
-35.44800E-03,-16.26622E-03,+710.68354E-03
-35.42000E-03,-16.26622E-03,+630.28153E-03
-35.39200E-03,-16.26622E-03,+710.68354E-03
-35.36400E-03,+23.93479E-03,+630.28153E-03
-35.33600E-03,-16.26622E-03,+630.28153E-03
-35.30800E-03,+23.93479E-03,+630.28153E-03
-35.28000E-03,+23.93479E-03,+630.28153E-03
-35.25200E-03,-16.26622E-03,+630.28153E-03
-35.22400E-03,-16.26622E-03,+630.28153E-03
-35.19600E-03,-16.26622E-03,+630.28153E-03
-35.16800E-03,-16.26622E-03,+630.28153E-03
-35.14000E-03,-16.26622E-03,+630.28153E-03
-35.11200E-03,-16.26622E-03,+549.87952E-03
-35.08400E-03,-16.26622E-03,+549.87952E-03
-35.05600E-03,-16.26622E-03,+630.28153E-03
-35.02800E-03,-16.26622E-03,+630.28153E-03
-35.00000E-03,-16.26622E-03,+549.87952E-03
-34.97200E-03,-16.26622E-03,+549.87952E-03
-34.94400E-03,-16.26622E-03,+630.28153E-03
-34.91600E-03,-16.26622E-03,+549.87952E-03
-34.88800E-03,-16.26622E-03,+549.87952E-03
-34.86000E-03,-16.26622E-03,+549.87952E-03
-34.83200E-03,-16.26622E-03,+549.87952E-03
-34.80400E-03,-16.26622E-03,+549.87952E-03
-34.77600E-03,-16.26622E-03,+469.47751E-03
-34.74800E-03,+23.93479E-03,+549.87952E-03
-34.72000E-03,+23.93479E-03,+549.87952E-03
-34.69200E-03,-16.26622E-03,+469.47751E-03
-34.66400E-03,-16.26622E-03,+549.87952E-03
-34.63600E-03,-16.26622E-03,+469.47751E-03
-34.60800E-03,-16.26622E-03,+469.47751E-03
-34.58000E-03,+23.93479E-03,+549.87952E-03
-34.55200E-03,+23.93479E-03,+549.87952E-03
-34.52400E-03,-16.26622E-03,+549.87952E-03
-34.49600E-03,-16.26622E-03,+469.47751E-03
-34.46800E-03,+23.93479E-03,+469.47751E-03
-34.44000E-03,-16.26622E-03,+469.47751E-03
-34.41200E-03,-16.26622E-03,+469.47751E-03
-34.38400E-03,-16.26622E-03,+469.47751E-03
-34.35600E-03,-16.26622E-03,+469.47751E-03
-34.32800E-03,-16.26622E-03,+469.47751E-03
-34.30000E-03,-16.26622E-03,+469.47751E-03
-34.27200E-03,+23.93479E-03,+469.47751E-03
-34.24400E-03,-16.26622E-03,+469.47751E-03
-34.21600E-03,-16.26622E-03,+469.47751E-03
-34.18800E-03,-16.26622E-03,+469.47751E-03
-34.16000E-03,+23.93479E-03,+389.07550E-03
-34.13200E-03,-16.26622E-03,+389.07550E-03
-34.10400E-03,-16.26622E-03,+469.47751E-03
-34.07600E-03,-16.26622E-03,+389.07550E-03
-34.04800E-03,-16.26622E-03,+389.07550E-03
-34.02000E-03,-16.26622E-03,+389.07550E-03
-33.99200E-03,-16.26622E-03,+389.07550E-03
-33.96400E-03,+23.93479E-03,+389.07550E-03
-33.93600E-03,-16.26622E-03,+389.07550E-03
-33.90800E-03,-16.26622E-03,+389.07550E-03
-33.88000E-03,-16.26622E-03,+389.07550E-03
-33.85200E-03,-16.26622E-03,+389.07550E-03
-33.82400E-03,-16.26622E-03,+389.07550E-03
-33.79600E-03,+23.93479E-03,+389.07550E-03
-33.76800E-03,-16.26622E-03,+389.07550E-03
-33.74000E-03,+23.93479E-03,+389.07550E-03
-33.71200E-03,-16.26622E-03,+389.07550E-03
-33.68400E-03,-16.26622E-03,+389.07550E-03
-33.65600E-03,-16.26622E-03,+389.07550E-03
-33.62800E-03,+23.93479E-03,+389.07550E-03
-33.60000E-03,-16.26622E-03,+308.67349E-03
-33.57200E-03,-16.26622E-03,+308.67349E-03
-33.54400E-03,+23.93479E-03,+389.07550E-03
-33.51600E-03,-16.26622E-03,+308.67349E-03
-33.48800E-03,-16.26622E-03,+308.67349E-03
-33.46000E-03,-16.26622E-03,+308.67349E-03
-33.43200E-03,-16.26622E-03,+308.67349E-03
-33.40400E-03,+23.93479E-03,+308.67349E-03
-33.37600E-03,-16.26622E-03,+308.67349E-03
-33.34800E-03,-16.26622E-03,+308.67349E-03
-33.32000E-03,-16.26622E-03,+308.67349E-03
-33.29200E-03,+23.93479E-03,+308.67349E-03
-33.26400E-03,+23.93479E-03,+308.67349E-03
-33.23600E-03,+23.93479E-03,+308.67349E-03
-33.20800E-03,-16.26622E-03,+308.67349E-03
-33.18000E-03,-16.26622E-03,+308.67349E-03
-33.15200E-03,+23.93479E-03,+308.67349E-03
-33.12400E-03,+23.93479E-03,+308.67349E-03
-33.09600E-03,+23.93479E-03,+308.67349E-03
-33.06800E-03,+23.93479E-03,+308.67349E-03
-33.04000E-03,-16.26622E-03,+308.67349E-03
-33.01200E-03,-16.26622E-03,+389.07550E-03
-32.98400E-03,+23.93479E-03,+389.07550E-03
-32.95600E-03,-16.26622E-03,+389.07550E-03
-32.92800E-03,-16.26622E-03,+389.07550E-03
-32.90000E-03,-16.26622E-03,+389.07550E-03
-32.87200E-03,+23.93479E-03,+389.07550E-03
-32.84400E-03,-16.26622E-03,+389.07550E-03
-32.81600E-03,-16.26622E-03,+389.07550E-03
-32.78800E-03,-16.26622E-03,+389.07550E-03
-32.76000E-03,+23.93479E-03,+389.07550E-03
-32.73200E-03,-16.26622E-03,+389.07550E-03
-32.70400E-03,-16.26622E-03,+389.07550E-03
-32.67600E-03,-16.26622E-03,+389.07550E-03
-32.64800E-03,+23.93479E-03,+389.07550E-03
-32.62000E-03,-16.26622E-03,+389.07550E-03
-32.59200E-03,-16.26622E-03,+389.07550E-03
-32.56400E-03,-16.26622E-03,+389.07550E-03
-32.53600E-03,+23.93479E-03,+469.47751E-03
-32.50800E-03,-16.26622E-03,+469.47751E-03
-32.48000E-03,+23.93479E-03,+389.07550E-03
-32.45200E-03,-16.26622E-03,+469.47751E-03
-32.42400E-03,+23.93479E-03,+469.47751E-03
-32.39600E-03,-16.26622E-03,+469.47751E-03
-32.36800E-03,-16.26622E-03,+469.47751E-03
-32.34000E-03,-16.26622E-03,+469.47751E-03
-32.31200E-03,-16.26622E-03,+469.47751E-03
-32.28400E-03,+23.93479E-03,+469.47751E-03
-32.25600E-03,+23.93479E-03,+469.47751E-03
-32.22800E-03,-16.26622E-03,+469.47751E-03
-32.20000E-03,-16.26622E-03,+469.47751E-03
-32.17200E-03,-16.26622E-03,+469.47751E-03
-32.14400E-03,+23.93479E-03,+469.47751E-03
-32.11600E-03,-16.26622E-03,+549.87952E-03
-32.08800E-03,-16.26622E-03,+469.47751E-03
-32.06000E-03,-16.26622E-03,+549.87952E-03
-32.03200E-03,-16.26622E-03,+549.87952E-03
-32.00400E-03,-16.26622E-03,+549.87952E-03
-31.97600E-03,-16.26622E-03,+549.87952E-03
-31.94800E-03,+23.93479E-03,+549.87952E-03
-31.92000E-03,-16.26622E-03,+469.47751E-03
-31.89200E-03,-16.26622E-03,+549.87952E-03
-31.86400E-03,-16.26622E-03,+549.87952E-03
-31.83600E-03,-16.26622E-03,+549.87952E-03
-31.80800E-03,-16.26622E-03,+549.87952E-03
-31.78000E-03,+23.93479E-03,+549.87952E-03
-31.75200E-03,-16.26622E-03,+549.87952E-03
-31.72400E-03,+23.93479E-03,+549.87952E-03
-31.69600E-03,-16.26622E-03,+549.87952E-03
-31.66800E-03,+23.93479E-03,+549.87952E-03
-31.64000E-03,-16.26622E-03,+549.87952E-03
-31.61200E-03,-16.26622E-03,+549.87952E-03
-31.58400E-03,+23.93479E-03,+630.28153E-03
-31.55600E-03,+23.93479E-03,+549.87952E-03
-31.52800E-03,-16.26622E-03,+549.87952E-03
-31.50000E-03,+23.93479E-03,+630.28153E-03
-31.47200E-03,-16.26622E-03,+630.28153E-03
-31.44400E-03,-16.26622E-03,+549.87952E-03
-31.41600E-03,-16.26622E-03,+630.28153E-03
-31.38800E-03,-16.26622E-03,+630.28153E-03
-31.36000E-03,-16.26622E-03,+630.28153E-03
-31.33200E-03,+23.93479E-03,+630.28153E-03
-31.30400E-03,-16.26622E-03,+630.28153E-03
-31.27600E-03,+23.93479E-03,+630.28153E-03
-31.24800E-03,+23.93479E-03,+630.28153E-03
-31.22000E-03,-16.26622E-03,+710.68354E-03
-31.19200E-03,-16.26622E-03,+630.28153E-03
-31.16400E-03,-16.26622E-03,+710.68354E-03
-31.13600E-03,-16.26622E-03,+710.68354E-03
-31.10800E-03,+23.93479E-03,+630.28153E-03
-31.08000E-03,-16.26622E-03,+630.28153E-03
-31.05200E-03,-16.26622E-03,+710.68354E-03
-31.02400E-03,-16.26622E-03,+630.28153E-03
-30.99600E-03,-16.26622E-03,+710.68354E-03
-30.96800E-03,-16.26622E-03,+710.68354E-03
-30.94000E-03,+23.93479E-03,+710.68354E-03
-30.91200E-03,-16.26622E-03,+710.68354E-03
-30.88400E-03,-16.26622E-03,+710.68354E-03
-30.85600E-03,-16.26622E-03,+710.68354E-03
-30.82800E-03,-16.26622E-03,+791.08555E-03
-30.80000E-03,-16.26622E-03,+710.68354E-03
-30.77200E-03,-16.26622E-03,+710.68354E-03
-30.74400E-03,-16.26622E-03,+791.08555E-03
-30.71600E-03,-16.26622E-03,+791.08555E-03
-30.68800E-03,+23.93479E-03,+710.68354E-03
-30.66000E-03,+23.93479E-03,+791.08555E-03
-30.63200E-03,-16.26622E-03,+710.68354E-03
-30.60400E-03,-16.26622E-03,+710.68354E-03
-30.57600E-03,-16.26622E-03,+791.08555E-03
-30.54800E-03,-16.26622E-03,+710.68354E-03
-30.52000E-03,-16.26622E-03,+791.08555E-03
-30.49200E-03,-16.26622E-03,+791.08555E-03
-30.46400E-03,-16.26622E-03,+791.08555E-03
-30.43600E-03,+23.93479E-03,+791.08555E-03
-30.40800E-03,-16.26622E-03,+791.08555E-03
-30.38000E-03,-16.26622E-03,+791.08555E-03
-30.35200E-03,-16.26622E-03,+791.08555E-03
-30.32400E-03,-16.26622E-03,+791.08555E-03
-30.29600E-03,-16.26622E-03,+791.08555E-03
-30.26800E-03,-16.26622E-03,+791.08555E-03
-30.24000E-03,+23.93479E-03,+871.48756E-03
-30.21200E-03,-16.26622E-03,+791.08555E-03
-30.18400E-03,-16.26622E-03,+871.48756E-03
-30.15600E-03,+23.93479E-03,+871.48756E-03
-30.12800E-03,-16.26622E-03,+871.48756E-03
-30.10000E-03,+23.93479E-03,+871.48756E-03
-30.07200E-03,-16.26622E-03,+951.88957E-03
-30.04400E-03,+23.93479E-03,+871.48756E-03
-30.01600E-03,+23.93479E-03,+871.48756E-03
-29.98800E-03,-56.46722E-03,+871.48756E-03
-29.96000E-03,-16.26622E-03,+871.48756E-03
-29.93200E-03,-16.26622E-03,+871.48756E-03
-29.90400E-03,-16.26622E-03,+871.48756E-03
-29.87600E-03,+23.93479E-03,+871.48756E-03
-29.84800E-03,-16.26622E-03,+871.48756E-03
-29.82000E-03,-16.26622E-03,+871.48756E-03
-29.79200E-03,+23.93479E-03,+871.48756E-03
-29.76400E-03,+23.93479E-03,+871.48756E-03
-29.73600E-03,+23.93479E-03,+951.88957E-03
-29.70800E-03,-16.26622E-03,+951.88957E-03
-29.68000E-03,+23.93479E-03,+871.48756E-03
-29.65200E-03,-16.26622E-03,+951.88957E-03
-29.62400E-03,+23.93479E-03,+951.88957E-03
-29.59600E-03,-16.26622E-03,+951.88957E-03
-29.56800E-03,+23.93479E-03,+951.88957E-03
-29.54000E-03,+23.93479E-03,+951.88957E-03
-29.51200E-03,+23.93479E-03,+951.88957E-03
-29.48400E-03,-16.26622E-03,+951.88957E-03
-29.45600E-03,+23.93479E-03,+951.88957E-03
-29.42800E-03,-16.26622E-03,+951.88957E-03
-29.40000E-03,+23.93479E-03,+1.03229158E+00
-29.37200E-03,+23.93479E-03,+951.88957E-03
-29.34400E-03,-16.26622E-03,+951.88957E-03
-29.31600E-03,-16.26622E-03,+1.03229158E+00
-29.28800E-03,-16.26622E-03,+1.03229158E+00
-29.26000E-03,+23.93479E-03,+1.03229158E+00
-29.23200E-03,+23.93479E-03,+1.03229158E+00
-29.20400E-03,-16.26622E-03,+951.88957E-03
-29.17600E-03,-16.26622E-03,+1.03229158E+00
-29.14800E-03,+23.93479E-03,+1.03229158E+00
-29.12000E-03,-16.26622E-03,+1.03229158E+00
-29.09200E-03,-16.26622E-03,+1.03229158E+00
-29.06400E-03,-16.26622E-03,+1.03229158E+00
-29.03600E-03,-16.26622E-03,+1.03229158E+00
-29.00800E-03,-16.26622E-03,+1.03229158E+00
-28.98000E-03,-16.26622E-03,+1.11269359E+00
-28.95200E-03,+23.93479E-03,+1.03229158E+00
-28.92400E-03,-16.26622E-03,+1.11269359E+00
-28.89600E-03,-16.26622E-03,+1.11269359E+00
-28.86800E-03,-16.26622E-03,+1.11269359E+00
-28.84000E-03,-16.26622E-03,+1.03229158E+00
-28.81200E-03,+23.93479E-03,+1.11269359E+00
-28.78400E-03,-16.26622E-03,+1.03229158E+00
-28.75600E-03,+23.93479E-03,+1.11269359E+00
-28.72800E-03,-16.26622E-03,+1.11269359E+00
-28.70000E-03,-16.26622E-03,+1.11269359E+00
-28.67200E-03,+23.93479E-03,+1.11269359E+00
-28.64400E-03,-16.26622E-03,+1.11269359E+00
-28.61600E-03,-16.26622E-03,+1.11269359E+00
-28.58800E-03,+23.93479E-03,+1.11269359E+00
-28.56000E-03,-16.26622E-03,+1.11269359E+00
-28.53200E-03,+23.93479E-03,+1.11269359E+00
-28.50400E-03,-16.26622E-03,+1.11269359E+00
-28.47600E-03,+23.93479E-03,+1.11269359E+00
-28.44800E-03,-16.26622E-03,+1.11269359E+00
-28.42000E-03,-16.26622E-03,+1.11269359E+00
-28.39200E-03,-16.26622E-03,+1.11269359E+00
-28.36400E-03,-16.26622E-03,+1.19309559E+00
-28.33600E-03,+23.93479E-03,+1.19309559E+00
-28.30800E-03,-16.26622E-03,+1.19309559E+00
-28.28000E-03,-16.26622E-03,+1.19309559E+00
-28.25200E-03,-16.26622E-03,+1.19309559E+00
-28.22400E-03,+23.93479E-03,+1.19309559E+00
-28.19600E-03,+23.93479E-03,+1.19309559E+00
-28.16800E-03,+23.93479E-03,+1.19309559E+00
-28.14000E-03,+23.93479E-03,+1.27349760E+00
-28.11200E-03,-16.26622E-03,+1.19309559E+00
-28.08400E-03,-16.26622E-03,+1.19309559E+00
-28.05600E-03,-16.26622E-03,+1.19309559E+00
-28.02800E-03,+23.93479E-03,+1.27349760E+00
-28.00000E-03,-16.26622E-03,+1.27349760E+00
-27.97200E-03,+23.93479E-03,+1.19309559E+00
-27.94400E-03,+23.93479E-03,+1.19309559E+00
-27.91600E-03,-16.26622E-03,+1.27349760E+00
-27.88800E-03,-16.26622E-03,+1.19309559E+00
-27.86000E-03,+23.93479E-03,+1.27349760E+00
-27.83200E-03,+23.93479E-03,+1.27349760E+00
-27.80400E-03,-16.26622E-03,+1.27349760E+00
-27.77600E-03,-16.26622E-03,+1.27349760E+00
-27.74800E-03,-16.26622E-03,+1.27349760E+00
-27.72000E-03,-16.26622E-03,+1.27349760E+00
-27.69200E-03,+23.93479E-03,+1.27349760E+00
-27.66400E-03,-16.26622E-03,+1.27349760E+00
-27.63600E-03,-16.26622E-03,+1.27349760E+00
-27.60800E-03,+23.93479E-03,+1.27349760E+00
-27.58000E-03,+23.93479E-03,+1.35389961E+00
-27.55200E-03,-16.26622E-03,+1.35389961E+00
-27.52400E-03,-16.26622E-03,+1.35389961E+00
-27.49600E-03,+23.93479E-03,+1.35389961E+00
-27.46800E-03,-16.26622E-03,+1.35389961E+00
-27.44000E-03,-16.26622E-03,+1.35389961E+00
-27.41200E-03,+23.93479E-03,+1.35389961E+00
-27.38400E-03,+23.93479E-03,+1.27349760E+00
-27.35600E-03,+23.93479E-03,+1.35389961E+00
-27.32800E-03,-16.26622E-03,+1.35389961E+00
-27.30000E-03,-16.26622E-03,+1.35389961E+00
-27.27200E-03,+23.93479E-03,+1.35389961E+00
-27.24400E-03,-16.26622E-03,+1.35389961E+00
-27.21600E-03,+23.93479E-03,+1.35389961E+00
-27.18800E-03,-16.26622E-03,+1.35389961E+00
-27.16000E-03,+23.93479E-03,+1.35389961E+00
-27.13200E-03,-16.26622E-03,+1.35389961E+00
-27.10400E-03,-16.26622E-03,+1.43430162E+00
-27.07600E-03,-16.26622E-03,+1.35389961E+00
-27.04800E-03,+23.93479E-03,+1.35389961E+00
-27.02000E-03,+23.93479E-03,+1.43430162E+00
-26.99200E-03,-16.26622E-03,+1.35389961E+00
-26.96400E-03,-16.26622E-03,+1.43430162E+00
-26.93600E-03,+23.93479E-03,+1.43430162E+00
-26.90800E-03,+23.93479E-03,+1.35389961E+00
-26.88000E-03,-16.26622E-03,+1.43430162E+00
-26.85200E-03,+23.93479E-03,+1.43430162E+00
-26.82400E-03,-16.26622E-03,+1.43430162E+00
-26.79600E-03,+23.93479E-03,+1.43430162E+00
-26.76800E-03,-16.26622E-03,+1.43430162E+00
-26.74000E-03,+23.93479E-03,+1.43430162E+00
-26.71200E-03,+23.93479E-03,+1.43430162E+00
-26.68400E-03,-16.26622E-03,+1.43430162E+00
-26.65600E-03,-16.26622E-03,+1.51470363E+00
-26.62800E-03,-16.26622E-03,+1.51470363E+00
-26.60000E-03,+23.93479E-03,+1.43430162E+00
-26.57200E-03,-16.26622E-03,+1.43430162E+00
-26.54400E-03,-16.26622E-03,+1.43430162E+00
-26.51600E-03,+23.93479E-03,+1.43430162E+00
-26.48800E-03,+23.93479E-03,+1.51470363E+00
-26.46000E-03,-16.26622E-03,+1.59510564E+00
-26.43200E-03,+23.93479E-03,+1.43430162E+00
-26.40400E-03,+23.93479E-03,+1.43430162E+00
-26.37600E-03,+23.93479E-03,+1.51470363E+00
-26.34800E-03,+23.93479E-03,+1.51470363E+00
-26.32000E-03,+23.93479E-03,+1.51470363E+00
-26.29200E-03,-16.26622E-03,+1.51470363E+00
-26.26400E-03,-16.26622E-03,+1.51470363E+00
-26.23600E-03,+23.93479E-03,+1.51470363E+00
-26.20800E-03,-16.26622E-03,+1.51470363E+00
-26.18000E-03,+23.93479E-03,+1.51470363E+00
-26.15200E-03,-16.26622E-03,+1.51470363E+00
-26.12400E-03,-16.26622E-03,+1.59510564E+00
-26.09600E-03,-16.26622E-03,+1.59510564E+00
-26.06800E-03,+23.93479E-03,+1.59510564E+00
-26.04000E-03,-16.26622E-03,+1.59510564E+00
-26.01200E-03,-16.26622E-03,+1.59510564E+00
-25.98400E-03,+23.93479E-03,+1.59510564E+00
-25.95600E-03,-16.26622E-03,+1.59510564E+00
-25.92800E-03,-16.26622E-03,+1.59510564E+00
-25.90000E-03,+23.93479E-03,+1.59510564E+00
-25.87200E-03,+23.93479E-03,+1.59510564E+00
-25.84400E-03,-16.26622E-03,+1.59510564E+00
-25.81600E-03,-16.26622E-03,+1.59510564E+00
-25.78800E-03,+23.93479E-03,+1.59510564E+00
-25.76000E-03,-16.26622E-03,+1.59510564E+00
-25.73200E-03,-16.26622E-03,+1.59510564E+00
-25.70400E-03,-16.26622E-03,+1.59510564E+00
-25.67600E-03,+23.93479E-03,+1.67550765E+00
-25.64800E-03,-16.26622E-03,+1.67550765E+00
-25.62000E-03,-16.26622E-03,+1.67550765E+00
-25.59200E-03,+23.93479E-03,+1.67550765E+00
-25.56400E-03,+23.93479E-03,+1.67550765E+00
-25.53600E-03,-16.26622E-03,+1.67550765E+00
-25.50800E-03,-16.26622E-03,+1.67550765E+00
-25.48000E-03,-16.26622E-03,+1.67550765E+00
-25.45200E-03,+23.93479E-03,+1.67550765E+00
-25.42400E-03,+23.93479E-03,+1.67550765E+00
-25.39600E-03,-16.26622E-03,+1.67550765E+00
-25.36800E-03,+23.93479E-03,+1.67550765E+00
-25.34000E-03,-16.26622E-03,+1.67550765E+00
-25.31200E-03,+23.93479E-03,+1.67550765E+00
-25.28400E-03,-16.26622E-03,+1.67550765E+00
-25.25600E-03,-16.26622E-03,+1.67550765E+00
-25.22800E-03,+23.93479E-03,+1.67550765E+00
-25.20000E-03,-16.26622E-03,+1.67550765E+00
-25.17200E-03,+23.93479E-03,+1.75590966E+00
-25.14400E-03,-16.26622E-03,+1.75590966E+00
-25.11600E-03,+23.93479E-03,+1.75590966E+00
-25.08800E-03,+23.93479E-03,+1.67550765E+00
-25.06000E-03,+23.93479E-03,+1.75590966E+00
-25.03200E-03,-16.26622E-03,+1.75590966E+00
-25.00400E-03,-16.26622E-03,+1.75590966E+00
-24.97600E-03,-16.26622E-03,+1.83631167E+00
-24.94800E-03,-16.26622E-03,+1.75590966E+00
-24.92000E-03,+23.93479E-03,+1.75590966E+00
-24.89200E-03,+23.93479E-03,+1.75590966E+00
-24.86400E-03,-16.26622E-03,+1.75590966E+00
-24.83600E-03,-16.26622E-03,+1.75590966E+00
-24.80800E-03,-16.26622E-03,+1.75590966E+00
-24.78000E-03,+23.93479E-03,+1.75590966E+00
-24.75200E-03,+23.93479E-03,+1.83631167E+00
-24.72400E-03,+23.93479E-03,+1.83631167E+00
-24.69600E-03,+23.93479E-03,+1.83631167E+00
-24.66800E-03,-16.26622E-03,+1.83631167E+00
-24.64000E-03,+23.93479E-03,+1.83631167E+00
-24.61200E-03,+23.93479E-03,+1.83631167E+00
-24.58400E-03,-16.26622E-03,+1.75590966E+00
-24.55600E-03,+23.93479E-03,+1.83631167E+00
-24.52800E-03,-16.26622E-03,+1.83631167E+00
-24.50000E-03,-16.26622E-03,+1.83631167E+00
-24.47200E-03,+23.93479E-03,+1.83631167E+00
-24.44400E-03,+23.93479E-03,+1.91671368E+00
-24.41600E-03,+23.93479E-03,+1.83631167E+00
-24.38800E-03,-16.26622E-03,+1.83631167E+00
-24.36000E-03,+23.93479E-03,+1.91671368E+00
-24.33200E-03,+23.93479E-03,+1.91671368E+00
-24.30400E-03,-16.26622E-03,+1.83631167E+00
-24.27600E-03,-16.26622E-03,+1.91671368E+00
-24.24800E-03,-16.26622E-03,+1.83631167E+00
-24.22000E-03,-16.26622E-03,+1.83631167E+00
-24.19200E-03,-16.26622E-03,+1.91671368E+00
-24.16400E-03,-16.26622E-03,+1.83631167E+00
-24.13600E-03,+23.93479E-03,+1.83631167E+00
-24.10800E-03,+23.93479E-03,+1.91671368E+00
-24.08000E-03,+23.93479E-03,+1.91671368E+00
-24.05200E-03,+23.93479E-03,+1.91671368E+00
-24.02400E-03,-16.26622E-03,+1.91671368E+00
-23.99600E-03,+23.93479E-03,+1.91671368E+00
-23.96800E-03,+23.93479E-03,+1.91671368E+00
-23.94000E-03,-16.26622E-03,+1.91671368E+00
-23.91200E-03,-16.26622E-03,+1.91671368E+00
-23.88400E-03,-16.26622E-03,+1.91671368E+00
-23.85600E-03,+23.93479E-03,+1.91671368E+00
-23.82800E-03,+23.93479E-03,+1.99711569E+00
-23.80000E-03,-16.26622E-03,+1.91671368E+00
-23.77200E-03,-16.26622E-03,+1.99711569E+00
-23.74400E-03,+23.93479E-03,+1.99711569E+00
-23.71600E-03,-16.26622E-03,+1.99711569E+00
-23.68800E-03,-16.26622E-03,+1.91671368E+00
-23.66000E-03,+23.93479E-03,+1.99711569E+00
-23.63200E-03,-16.26622E-03,+1.99711569E+00
-23.60400E-03,-16.26622E-03,+1.99711569E+00
-23.57600E-03,-16.26622E-03,+1.99711569E+00
-23.54800E-03,-16.26622E-03,+1.99711569E+00
-23.52000E-03,-16.26622E-03,+1.99711569E+00
-23.49200E-03,-16.26622E-03,+1.99711569E+00
-23.46400E-03,+23.93479E-03,+1.99711569E+00
-23.43600E-03,-16.26622E-03,+1.99711569E+00
-23.40800E-03,+23.93479E-03,+2.07751770E+00
-23.38000E-03,+23.93479E-03,+1.99711569E+00
-23.35200E-03,-16.26622E-03,+1.99711569E+00
-23.32400E-03,+23.93479E-03,+2.07751770E+00
-23.29600E-03,+23.93479E-03,+1.99711569E+00
-23.26800E-03,+23.93479E-03,+2.07751770E+00
-23.24000E-03,+23.93479E-03,+2.07751770E+00
-23.21200E-03,+23.93479E-03,+2.07751770E+00
-23.18400E-03,+23.93479E-03,+2.07751770E+00
-23.15600E-03,-16.26622E-03,+2.07751770E+00
-23.12800E-03,+23.93479E-03,+2.07751770E+00
-23.10000E-03,+23.93479E-03,+2.07751770E+00
-23.07200E-03,-16.26622E-03,+2.07751770E+00
-23.04400E-03,+23.93479E-03,+2.07751770E+00
-23.01600E-03,+23.93479E-03,+2.07751770E+00
-22.98800E-03,+23.93479E-03,+2.07751770E+00
-22.96000E-03,+23.93479E-03,+2.07751770E+00
-22.93200E-03,+23.93479E-03,+2.15791970E+00
-22.90400E-03,+23.93479E-03,+2.15791970E+00
-22.87600E-03,+23.93479E-03,+2.07751770E+00
-22.84800E-03,+23.93479E-03,+2.07751770E+00
-22.82000E-03,+23.93479E-03,+2.07751770E+00
-22.79200E-03,+23.93479E-03,+2.15791970E+00
-22.76400E-03,-16.26622E-03,+2.15791970E+00
-22.73600E-03,-16.26622E-03,+2.15791970E+00
-22.70800E-03,+23.93479E-03,+2.15791970E+00
-22.68000E-03,-16.26622E-03,+2.15791970E+00
-22.65200E-03,-16.26622E-03,+2.15791970E+00
-22.62400E-03,+23.93479E-03,+2.15791970E+00
-22.59600E-03,+23.93479E-03,+2.23832171E+00
-22.56800E-03,-16.26622E-03,+2.15791970E+00
-22.54000E-03,+23.93479E-03,+2.23832171E+00
-22.51200E-03,-16.26622E-03,+2.23832171E+00
-22.48400E-03,+23.93479E-03,+2.23832171E+00
-22.45600E-03,-16.26622E-03,+2.15791970E+00
-22.42800E-03,+23.93479E-03,+2.23832171E+00
-22.40000E-03,-16.26622E-03,+2.23832171E+00
-22.37200E-03,-16.26622E-03,+2.15791970E+00
-22.34400E-03,+23.93479E-03,+2.15791970E+00
-22.31600E-03,+23.93479E-03,+2.23832171E+00
-22.28800E-03,+23.93479E-03,+2.15791970E+00
-22.26000E-03,+23.93479E-03,+2.23832171E+00
-22.23200E-03,+23.93479E-03,+2.23832171E+00
-22.20400E-03,-16.26622E-03,+2.23832171E+00
-22.17600E-03,+23.93479E-03,+2.23832171E+00
-22.14800E-03,-16.26622E-03,+2.23832171E+00
-22.12000E-03,-16.26622E-03,+2.23832171E+00
-22.09200E-03,-16.26622E-03,+2.23832171E+00
-22.06400E-03,+23.93479E-03,+2.23832171E+00
-22.03600E-03,+23.93479E-03,+2.23832171E+00
-22.00800E-03,-16.26622E-03,+2.23832171E+00
-21.98000E-03,+23.93479E-03,+2.31872372E+00
-21.95200E-03,+23.93479E-03,+2.31872372E+00
-21.92400E-03,-16.26622E-03,+2.31872372E+00
-21.89600E-03,-16.26622E-03,+2.23832171E+00
-21.86800E-03,+23.93479E-03,+2.23832171E+00
-21.84000E-03,-16.26622E-03,+2.31872372E+00
-21.81200E-03,-16.26622E-03,+2.31872372E+00
-21.78400E-03,-16.26622E-03,+2.31872372E+00
-21.75600E-03,-16.26622E-03,+2.31872372E+00
-21.72800E-03,-16.26622E-03,+2.31872372E+00
-21.70000E-03,+23.93479E-03,+2.39912573E+00
-21.67200E-03,+23.93479E-03,+2.31872372E+00
-21.64400E-03,-16.26622E-03,+2.31872372E+00
-21.61600E-03,-16.26622E-03,+2.31872372E+00
-21.58800E-03,-16.26622E-03,+2.39912573E+00
-21.56000E-03,+23.93479E-03,+2.31872372E+00
-21.53200E-03,+23.93479E-03,+2.31872372E+00
-21.50400E-03,+23.93479E-03,+2.39912573E+00
-21.47600E-03,+23.93479E-03,+2.39912573E+00
-21.44800E-03,+23.93479E-03,+2.39912573E+00
-21.42000E-03,+23.93479E-03,+2.39912573E+00
-21.39200E-03,+23.93479E-03,+2.39912573E+00
-21.36400E-03,+23.93479E-03,+2.31872372E+00
-21.33600E-03,-16.26622E-03,+2.39912573E+00
-21.30800E-03,-16.26622E-03,+2.47952774E+00
-21.28000E-03,+23.93479E-03,+2.31872372E+00
-21.25200E-03,+23.93479E-03,+2.39912573E+00
-21.22400E-03,+23.93479E-03,+2.39912573E+00
-21.19600E-03,-16.26622E-03,+2.39912573E+00
-21.16800E-03,+23.93479E-03,+2.39912573E+00
-21.14000E-03,+23.93479E-03,+2.39912573E+00
-21.11200E-03,+23.93479E-03,+2.39912573E+00
-21.08400E-03,+23.93479E-03,+2.39912573E+00
-21.05600E-03,-16.26622E-03,+2.39912573E+00
-21.02800E-03,+23.93479E-03,+2.47952774E+00
-21.00000E-03,+23.93479E-03,+2.47952774E+00
-20.97200E-03,+23.93479E-03,+2.47952774E+00
-20.94400E-03,+23.93479E-03,+2.47952774E+00
-20.91600E-03,+23.93479E-03,+2.47952774E+00
-20.88800E-03,+23.93479E-03,+2.47952774E+00
-20.86000E-03,+23.93479E-03,+2.47952774E+00
-20.83200E-03,+23.93479E-03,+2.47952774E+00
-20.80400E-03,+23.93479E-03,+2.47952774E+00
-20.77600E-03,+23.93479E-03,+2.47952774E+00
-20.74800E-03,-16.26622E-03,+2.47952774E+00
-20.72000E-03,+23.93479E-03,+2.47952774E+00
-20.69200E-03,+23.93479E-03,+2.47952774E+00
-20.66400E-03,-16.26622E-03,+2.47952774E+00
-20.63600E-03,+23.93479E-03,+2.47952774E+00
-20.60800E-03,-16.26622E-03,+2.47952774E+00
-20.58000E-03,-16.26622E-03,+2.55992975E+00
-20.55200E-03,+64.13579E-03,+2.47952774E+00
-20.52400E-03,+23.93479E-03,+2.55992975E+00
-20.49600E-03,+23.93479E-03,+2.55992975E+00
-20.46800E-03,+23.93479E-03,+2.55992975E+00
-20.44000E-03,+23.93479E-03,+2.55992975E+00
-20.41200E-03,+23.93479E-03,+2.55992975E+00
-20.38400E-03,+23.93479E-03,+2.55992975E+00
-20.35600E-03,+23.93479E-03,+2.55992975E+00
-20.32800E-03,+23.93479E-03,+2.55992975E+00
-20.30000E-03,+23.93479E-03,+2.55992975E+00
-20.27200E-03,+23.93479E-03,+2.64033176E+00
-20.24400E-03,+23.93479E-03,+2.64033176E+00
-20.21600E-03,+23.93479E-03,+2.55992975E+00
-20.18800E-03,+23.93479E-03,+2.64033176E+00
-20.16000E-03,+23.93479E-03,+2.64033176E+00
-20.13200E-03,+64.13579E-03,+2.64033176E+00
-20.10400E-03,+64.13579E-03,+2.55992975E+00
-20.07600E-03,+23.93479E-03,+2.64033176E+00
-20.04800E-03,+64.13579E-03,+2.64033176E+00
-20.02000E-03,+23.93479E-03,+2.64033176E+00
-19.99200E-03,+64.13579E-03,+2.64033176E+00
-19.96400E-03,+64.13579E-03,+2.64033176E+00
-19.93600E-03,+23.93479E-03,+2.64033176E+00
-19.90800E-03,+23.93479E-03,+2.64033176E+00
-19.88000E-03,+23.93479E-03,+2.64033176E+00
-19.85200E-03,+23.93479E-03,+2.64033176E+00
-19.82400E-03,+23.93479E-03,+2.64033176E+00
-19.79600E-03,+23.93479E-03,+2.64033176E+00
-19.76800E-03,+23.93479E-03,+2.64033176E+00
-19.74000E-03,+23.93479E-03,+2.72073377E+00
-19.71200E-03,+23.93479E-03,+2.72073377E+00
-19.68400E-03,+23.93479E-03,+2.64033176E+00
-19.65600E-03,+23.93479E-03,+2.72073377E+00
-19.62800E-03,+23.93479E-03,+2.72073377E+00
-19.60000E-03,+23.93479E-03,+2.72073377E+00
-19.57200E-03,+23.93479E-03,+2.72073377E+00
-19.54400E-03,+23.93479E-03,+2.64033176E+00
-19.51600E-03,+64.13579E-03,+2.72073377E+00
-19.48800E-03,+64.13579E-03,+2.72073377E+00
-19.46000E-03,+23.93479E-03,+2.72073377E+00
-19.43200E-03,+23.93479E-03,+2.72073377E+00
-19.40400E-03,+64.13579E-03,+2.72073377E+00
-19.37600E-03,+104.33679E-03,+2.72073377E+00
-19.34800E-03,+144.53780E-03,+2.80113578E+00
-19.32000E-03,+104.33679E-03,+2.72073377E+00
-19.29200E-03,+104.33679E-03,+2.72073377E+00
-19.26400E-03,+64.13579E-03,+2.72073377E+00
-19.23600E-03,+144.53780E-03,+2.72073377E+00
-19.20800E-03,+224.93981E-03,+2.72073377E+00
-19.18000E-03,+265.14081E-03,+2.72073377E+00
-19.15200E-03,+184.73880E-03,+2.72073377E+00
-19.12400E-03,+144.53780E-03,+2.80113578E+00
-19.09600E-03,+224.93981E-03,+2.80113578E+00
-19.06800E-03,+385.74383E-03,+2.72073377E+00
-19.04000E-03,+667.15086E-03,+2.80113578E+00
-19.01200E-03,+626.94985E-03,+2.80113578E+00
-18.98400E-03,+425.94483E-03,+2.80113578E+00
-18.95600E-03,+385.74383E-03,+2.80113578E+00
-18.92800E-03,+586.74885E-03,+2.80113578E+00
-18.90000E-03,+948.55789E-03,+2.88153779E+00
-18.87200E-03,+1.59177396E+00,+2.80113578E+00
-18.84400E-03,+2.11438702E+00,+2.80113578E+00
-18.81600E-03,+1.27016593E+00,+2.80113578E+00
-18.78800E-03,+546.54784E-03,+2.80113578E+00
-18.76000E-03,+265.14081E-03,+2.80113578E+00
-18.73200E-03,+184.73880E-03,+2.80113578E+00
-18.70400E-03,+64.13579E-03,+2.80113578E+00
-18.67600E-03,+64.13579E-03,+2.88153779E+00
-18.64800E-03,+64.13579E-03,+2.88153779E+00
-18.62000E-03,+64.13579E-03,+2.80113578E+00
-18.59200E-03,-16.26622E-03,+2.88153779E+00
-18.56400E-03,+23.93479E-03,+2.88153779E+00
-18.53600E-03,+23.93479E-03,+2.88153779E+00
-18.50800E-03,+23.93479E-03,+2.88153779E+00
-18.48000E-03,-16.26622E-03,+2.88153779E+00
-18.45200E-03,-16.26622E-03,+2.88153779E+00
-18.42400E-03,+23.93479E-03,+2.88153779E+00
-18.39600E-03,-16.26622E-03,+2.88153779E+00
-18.36800E-03,-16.26622E-03,+2.96193980E+00
-18.34000E-03,-16.26622E-03,+2.96193980E+00
-18.31200E-03,-16.26622E-03,+2.88153779E+00
-18.28400E-03,-16.26622E-03,+2.96193980E+00
-18.25600E-03,-16.26622E-03,+2.96193980E+00
-18.22800E-03,-16.26622E-03,+2.96193980E+00
-18.20000E-03,+23.93479E-03,+2.88153779E+00
-18.17200E-03,-16.26622E-03,+2.96193980E+00
-18.14400E-03,-16.26622E-03,+2.96193980E+00
-18.11600E-03,-16.26622E-03,+2.96193980E+00
-18.08800E-03,-16.26622E-03,+2.96193980E+00
-18.06000E-03,-16.26622E-03,+2.96193980E+00
-18.03200E-03,-16.26622E-03,+2.96193980E+00
-18.00400E-03,-16.26622E-03,+2.96193980E+00
-17.97600E-03,-16.26622E-03,+2.96193980E+00
-17.94800E-03,-16.26622E-03,+2.96193980E+00
-17.92000E-03,-16.26622E-03,+2.96193980E+00
-17.89200E-03,-16.26622E-03,+2.96193980E+00
-17.86400E-03,-16.26622E-03,+2.96193980E+00
-17.83600E-03,-56.46722E-03,+2.96193980E+00
-17.80800E-03,-16.26622E-03,+3.04234181E+00
-17.78000E-03,-56.46722E-03,+3.04234181E+00
-17.75200E-03,-16.26622E-03,+2.96193980E+00
-17.72400E-03,-16.26622E-03,+3.04234181E+00
-17.69600E-03,-16.26622E-03,+3.04234181E+00
-17.66800E-03,-16.26622E-03,+3.04234181E+00
-17.64000E-03,-16.26622E-03,+3.04234181E+00
-17.61200E-03,-56.46722E-03,+3.04234181E+00
-17.58400E-03,-16.26622E-03,+3.04234181E+00
-17.55600E-03,-16.26622E-03,+3.04234181E+00
-17.52800E-03,+23.93479E-03,+3.04234181E+00
-17.50000E-03,-16.26622E-03,+3.04234181E+00
-17.47200E-03,-16.26622E-03,+3.12274382E+00
-17.44400E-03,-16.26622E-03,+3.04234181E+00
-17.41600E-03,-16.26622E-03,+3.04234181E+00
-17.38800E-03,-16.26622E-03,+3.04234181E+00
-17.36000E-03,-16.26622E-03,+3.12274382E+00
-17.33200E-03,-56.46722E-03,+3.12274382E+00
-17.30400E-03,-56.46722E-03,+3.12274382E+00
-17.27600E-03,-16.26622E-03,+3.12274382E+00
-17.24800E-03,-16.26622E-03,+3.12274382E+00
-17.22000E-03,-16.26622E-03,+3.12274382E+00
-17.19200E-03,-16.26622E-03,+3.12274382E+00
-17.16400E-03,-16.26622E-03,+3.12274382E+00
-17.13600E-03,-16.26622E-03,+3.12274382E+00
-17.10800E-03,-16.26622E-03,+3.12274382E+00
-17.08000E-03,-16.26622E-03,+3.12274382E+00
-17.05200E-03,-16.26622E-03,+3.20314582E+00
-17.02400E-03,-16.26622E-03,+3.20314582E+00
-16.99600E-03,-16.26622E-03,+3.12274382E+00
-16.96800E-03,-16.26622E-03,+3.12274382E+00
-16.94000E-03,-16.26622E-03,+3.12274382E+00
-16.91200E-03,-16.26622E-03,+3.12274382E+00
-16.88400E-03,-16.26622E-03,+3.12274382E+00
-16.85600E-03,-16.26622E-03,+3.20314582E+00
-16.82800E-03,-56.46722E-03,+3.12274382E+00
-16.80000E-03,-16.26622E-03,+3.20314582E+00
-16.77200E-03,-16.26622E-03,+3.20314582E+00
-16.74400E-03,-16.26622E-03,+3.12274382E+00
-16.71600E-03,-16.26622E-03,+3.20314582E+00
-16.68800E-03,-16.26622E-03,+3.20314582E+00
-16.66000E-03,-16.26622E-03,+3.20314582E+00
-16.63200E-03,-16.26622E-03,+3.20314582E+00
-16.60400E-03,-16.26622E-03,+3.20314582E+00
-16.57600E-03,-56.46722E-03,+3.20314582E+00
-16.54800E-03,-16.26622E-03,+3.20314582E+00
-16.52000E-03,-16.26622E-03,+3.20314582E+00
-16.49200E-03,-16.26622E-03,+3.20314582E+00
-16.46400E-03,-16.26622E-03,+3.28354783E+00
-16.43600E-03,-16.26622E-03,+3.20314582E+00
-16.40800E-03,-16.26622E-03,+3.28354783E+00
-16.38000E-03,-56.46722E-03,+3.20314582E+00
-16.35200E-03,-16.26622E-03,+3.28354783E+00
-16.32400E-03,-16.26622E-03,+3.20314582E+00
-16.29600E-03,-16.26622E-03,+3.28354783E+00
-16.26800E-03,-16.26622E-03,+3.28354783E+00
-16.24000E-03,-16.26622E-03,+3.28354783E+00
-16.21200E-03,-16.26622E-03,+3.20314582E+00
-16.18400E-03,-16.26622E-03,+3.28354783E+00
-16.15600E-03,-16.26622E-03,+3.28354783E+00
-16.12800E-03,-16.26622E-03,+3.28354783E+00
-16.10000E-03,+23.93479E-03,+3.28354783E+00
-16.07200E-03,-16.26622E-03,+3.28354783E+00
-16.04400E-03,-16.26622E-03,+3.28354783E+00
-16.01600E-03,-16.26622E-03,+3.36394984E+00
-15.98800E-03,-16.26622E-03,+3.28354783E+00
-15.96000E-03,-56.46722E-03,+3.28354783E+00
-15.93200E-03,-16.26622E-03,+3.28354783E+00
-15.90400E-03,-16.26622E-03,+3.36394984E+00
-15.87600E-03,-16.26622E-03,+3.36394984E+00
-15.84800E-03,-16.26622E-03,+3.36394984E+00
-15.82000E-03,-16.26622E-03,+3.36394984E+00
-15.79200E-03,-16.26622E-03,+3.36394984E+00
-15.76400E-03,-16.26622E-03,+3.36394984E+00
-15.73600E-03,-16.26622E-03,+3.36394984E+00
-15.70800E-03,-16.26622E-03,+3.36394984E+00
-15.68000E-03,-16.26622E-03,+3.36394984E+00
-15.65200E-03,-16.26622E-03,+3.36394984E+00
-15.62400E-03,-16.26622E-03,+3.36394984E+00
-15.59600E-03,+23.93479E-03,+3.36394984E+00
-15.56800E-03,-16.26622E-03,+3.36394984E+00
-15.54000E-03,-16.26622E-03,+3.36394984E+00
-15.51200E-03,-16.26622E-03,+3.36394984E+00
-15.48400E-03,-16.26622E-03,+3.44435185E+00
-15.45600E-03,-16.26622E-03,+3.44435185E+00
-15.42800E-03,-16.26622E-03,+3.44435185E+00
-15.40000E-03,-16.26622E-03,+3.44435185E+00
-15.37200E-03,-16.26622E-03,+3.36394984E+00
-15.34400E-03,-16.26622E-03,+3.44435185E+00
-15.31600E-03,-56.46722E-03,+3.44435185E+00
-15.28800E-03,-16.26622E-03,+3.44435185E+00
-15.26000E-03,-16.26622E-03,+3.44435185E+00
-15.23200E-03,-16.26622E-03,+3.44435185E+00
-15.20400E-03,-16.26622E-03,+3.52475386E+00
-15.17600E-03,+23.93479E-03,+3.44435185E+00
-15.14800E-03,+23.93479E-03,+3.44435185E+00
-15.12000E-03,-16.26622E-03,+3.44435185E+00
-15.09200E-03,-16.26622E-03,+3.44435185E+00
-15.06400E-03,-16.26622E-03,+3.52475386E+00
-15.03600E-03,-16.26622E-03,+3.52475386E+00
-15.00800E-03,-16.26622E-03,+3.44435185E+00
-14.98000E-03,-16.26622E-03,+3.52475386E+00
-14.95200E-03,-16.26622E-03,+3.44435185E+00
-14.92400E-03,-16.26622E-03,+3.52475386E+00
-14.89600E-03,-16.26622E-03,+3.52475386E+00
-14.86800E-03,-16.26622E-03,+3.52475386E+00
-14.84000E-03,-16.26622E-03,+3.52475386E+00
-14.81200E-03,-16.26622E-03,+3.52475386E+00
-14.78400E-03,+23.93479E-03,+3.52475386E+00
-14.75600E-03,-16.26622E-03,+3.52475386E+00
-14.72800E-03,-16.26622E-03,+3.52475386E+00
-14.70000E-03,-16.26622E-03,+3.52475386E+00
-14.67200E-03,-16.26622E-03,+3.52475386E+00
-14.64400E-03,-16.26622E-03,+3.52475386E+00
-14.61600E-03,-16.26622E-03,+3.60515587E+00
-14.58800E-03,-16.26622E-03,+3.52475386E+00
-14.56000E-03,-16.26622E-03,+3.52475386E+00
-14.53200E-03,-16.26622E-03,+3.60515587E+00
-14.50400E-03,-16.26622E-03,+3.60515587E+00
-14.47600E-03,-16.26622E-03,+3.60515587E+00
-14.44800E-03,-16.26622E-03,+3.60515587E+00
-14.42000E-03,-16.26622E-03,+3.60515587E+00
-14.39200E-03,-16.26622E-03,+3.60515587E+00
-14.36400E-03,-16.26622E-03,+3.60515587E+00
-14.33600E-03,+23.93479E-03,+3.60515587E+00
-14.30800E-03,-16.26622E-03,+3.68555788E+00
-14.28000E-03,-16.26622E-03,+3.60515587E+00
-14.25200E-03,-16.26622E-03,+3.68555788E+00
-14.22400E-03,-16.26622E-03,+3.60515587E+00
-14.19600E-03,-16.26622E-03,+3.68555788E+00
-14.16800E-03,-16.26622E-03,+3.60515587E+00
-14.14000E-03,+23.93479E-03,+3.68555788E+00
-14.11200E-03,-56.46722E-03,+3.68555788E+00
-14.08400E-03,-16.26622E-03,+3.68555788E+00
-14.05600E-03,-16.26622E-03,+3.68555788E+00
-14.02800E-03,-16.26622E-03,+3.68555788E+00
-14.00000E-03,-56.46722E-03,+3.68555788E+00
-13.97200E-03,-16.26622E-03,+3.68555788E+00
-13.94400E-03,-16.26622E-03,+3.68555788E+00
-13.91600E-03,-16.26622E-03,+3.68555788E+00
-13.88800E-03,-16.26622E-03,+3.68555788E+00
-13.86000E-03,-16.26622E-03,+3.68555788E+00
-13.83200E-03,-16.26622E-03,+3.68555788E+00
-13.80400E-03,-16.26622E-03,+3.68555788E+00
-13.77600E-03,-16.26622E-03,+3.68555788E+00
-13.74800E-03,-16.26622E-03,+3.68555788E+00
-13.72000E-03,-16.26622E-03,+3.76595989E+00
-13.69200E-03,+23.93479E-03,+3.68555788E+00
-13.66400E-03,-16.26622E-03,+3.68555788E+00
-13.63600E-03,+23.93479E-03,+3.76595989E+00
-13.60800E-03,-16.26622E-03,+3.76595989E+00
-13.58000E-03,-16.26622E-03,+3.76595989E+00
-13.55200E-03,-16.26622E-03,+3.76595989E+00
-13.52400E-03,-16.26622E-03,+3.76595989E+00
-13.49600E-03,-16.26622E-03,+3.76595989E+00
-13.46800E-03,-16.26622E-03,+3.76595989E+00
-13.44000E-03,-16.26622E-03,+3.76595989E+00
-13.41200E-03,-16.26622E-03,+3.76595989E+00
-13.38400E-03,-16.26622E-03,+3.76595989E+00
-13.35600E-03,-16.26622E-03,+3.76595989E+00
-13.32800E-03,-16.26622E-03,+3.76595989E+00
-13.30000E-03,-16.26622E-03,+3.84636190E+00
-13.27200E-03,-16.26622E-03,+3.84636190E+00
-13.24400E-03,-16.26622E-03,+3.76595989E+00
-13.21600E-03,-16.26622E-03,+3.76595989E+00
-13.18800E-03,-16.26622E-03,+3.84636190E+00
-13.16000E-03,-16.26622E-03,+3.84636190E+00
-13.13200E-03,-16.26622E-03,+3.84636190E+00
-13.10400E-03,-16.26622E-03,+3.84636190E+00
-13.07600E-03,+23.93479E-03,+3.84636190E+00
-13.04800E-03,-16.26622E-03,+3.84636190E+00
-13.02000E-03,-16.26622E-03,+3.84636190E+00
-12.99200E-03,-16.26622E-03,+3.84636190E+00
-12.96400E-03,-56.46722E-03,+3.84636190E+00
-12.93600E-03,-16.26622E-03,+3.84636190E+00
-12.90800E-03,+23.93479E-03,+3.84636190E+00
-12.88000E-03,-16.26622E-03,+3.84636190E+00
-12.85200E-03,-16.26622E-03,+3.92676391E+00
-12.82400E-03,-16.26622E-03,+3.84636190E+00
-12.79600E-03,-16.26622E-03,+3.84636190E+00
-12.76800E-03,+23.93479E-03,+3.84636190E+00
-12.74000E-03,+23.93479E-03,+3.92676391E+00
-12.71200E-03,-16.26622E-03,+3.92676391E+00
-12.68400E-03,-16.26622E-03,+3.84636190E+00
-12.65600E-03,-16.26622E-03,+3.92676391E+00
-12.62800E-03,-16.26622E-03,+3.92676391E+00
-12.60000E-03,+23.93479E-03,+3.92676391E+00
-12.57200E-03,+64.13579E-03,+3.84636190E+00
-12.54400E-03,+23.93479E-03,+3.92676391E+00
-12.51600E-03,+64.13579E-03,+3.84636190E+00
-12.48800E-03,+64.13579E-03,+3.92676391E+00
-12.46000E-03,+104.33679E-03,+3.92676391E+00
-12.43200E-03,+104.33679E-03,+3.92676391E+00
-12.40400E-03,+64.13579E-03,+3.92676391E+00
-12.37600E-03,+104.33679E-03,+4.00716592E+00
-12.34800E-03,+104.33679E-03,+3.92676391E+00
-12.32000E-03,+184.73880E-03,+4.00716592E+00
-12.29200E-03,+104.33679E-03,+4.00716592E+00
-12.26400E-03,+104.33679E-03,+3.92676391E+00
-12.23600E-03,-16.26622E-03,+4.00716592E+00
-12.20800E-03,+64.13579E-03,+3.92676391E+00
-12.18000E-03,+23.93479E-03,+4.00716592E+00
-12.15200E-03,+23.93479E-03,+4.00716592E+00
-12.12400E-03,-16.26622E-03,+4.00716592E+00
-12.09600E-03,+23.93479E-03,+4.00716592E+00
-12.06800E-03,-16.26622E-03,+4.00716592E+00
-12.04000E-03,-16.26622E-03,+4.00716592E+00
-12.01200E-03,-16.26622E-03,+4.00716592E+00
-11.98400E-03,+23.93479E-03,+4.00716592E+00
-11.95600E-03,-16.26622E-03,+4.08756793E+00
-11.92800E-03,-16.26622E-03,+4.00716592E+00
-11.90000E-03,-16.26622E-03,+4.08756793E+00
-11.87200E-03,-16.26622E-03,+4.08756793E+00
-11.84400E-03,-16.26622E-03,+4.08756793E+00
-11.81600E-03,-16.26622E-03,+4.00716592E+00
-11.78800E-03,-16.26622E-03,+4.00716592E+00
-11.76000E-03,-16.26622E-03,+4.00716592E+00
-11.73200E-03,-16.26622E-03,+4.00716592E+00
-11.70400E-03,-16.26622E-03,+4.08756793E+00
-11.67600E-03,-16.26622E-03,+4.16796993E+00
-11.64800E-03,-16.26622E-03,+4.08756793E+00
-11.62000E-03,-16.26622E-03,+4.08756793E+00
-11.59200E-03,-16.26622E-03,+4.08756793E+00
-11.56400E-03,-16.26622E-03,+4.08756793E+00
-11.53600E-03,-16.26622E-03,+4.08756793E+00
-11.50800E-03,-16.26622E-03,+4.08756793E+00
-11.48000E-03,-16.26622E-03,+4.08756793E+00
-11.45200E-03,-16.26622E-03,+4.08756793E+00
-11.42400E-03,-16.26622E-03,+4.16796993E+00
-11.39600E-03,-16.26622E-03,+4.16796993E+00
-11.36800E-03,-16.26622E-03,+4.08756793E+00
-11.34000E-03,-16.26622E-03,+4.16796993E+00
-11.31200E-03,-16.26622E-03,+4.16796993E+00
-11.28400E-03,-16.26622E-03,+4.16796993E+00
-11.25600E-03,-16.26622E-03,+4.16796993E+00
-11.22800E-03,-16.26622E-03,+4.16796993E+00
-11.20000E-03,+23.93479E-03,+4.16796993E+00
-11.17200E-03,-16.26622E-03,+4.16796993E+00
-11.14400E-03,+23.93479E-03,+4.16796993E+00
-11.11600E-03,-16.26622E-03,+4.16796993E+00
-11.08800E-03,-16.26622E-03,+4.16796993E+00
-11.06000E-03,-16.26622E-03,+4.16796993E+00
-11.03200E-03,-16.26622E-03,+4.16796993E+00
-11.00400E-03,-16.26622E-03,+4.16796993E+00
-10.97600E-03,-16.26622E-03,+4.16796993E+00
-10.94800E-03,-16.26622E-03,+4.16796993E+00
-10.92000E-03,-16.26622E-03,+4.16796993E+00
-10.89200E-03,-16.26622E-03,+4.16796993E+00
-10.86400E-03,-16.26622E-03,+4.16796993E+00
-10.83600E-03,-16.26622E-03,+4.24837194E+00
-10.80800E-03,-16.26622E-03,+4.24837194E+00
-10.78000E-03,-16.26622E-03,+4.24837194E+00
-10.75200E-03,+23.93479E-03,+4.24837194E+00
-10.72400E-03,-16.26622E-03,+4.24837194E+00
-10.69600E-03,-16.26622E-03,+4.24837194E+00
-10.66800E-03,-16.26622E-03,+4.24837194E+00
-10.64000E-03,-16.26622E-03,+4.24837194E+00
-10.61200E-03,-56.46722E-03,+4.24837194E+00
-10.58400E-03,-16.26622E-03,+4.24837194E+00
-10.55600E-03,-16.26622E-03,+4.24837194E+00
-10.52800E-03,-16.26622E-03,+4.32877395E+00
-10.50000E-03,-16.26622E-03,+4.24837194E+00
-10.47200E-03,-16.26622E-03,+4.32877395E+00
-10.44400E-03,-16.26622E-03,+4.32877395E+00
-10.41600E-03,-16.26622E-03,+4.32877395E+00
-10.38800E-03,-16.26622E-03,+4.32877395E+00
-10.36000E-03,-16.26622E-03,+4.32877395E+00
-10.33200E-03,-56.46722E-03,+4.32877395E+00
-10.30400E-03,-16.26622E-03,+4.32877395E+00
-10.27600E-03,-16.26622E-03,+4.32877395E+00
-10.24800E-03,-16.26622E-03,+4.32877395E+00
-10.22000E-03,-16.26622E-03,+4.32877395E+00
-10.19200E-03,-16.26622E-03,+4.32877395E+00
-10.16400E-03,-16.26622E-03,+4.32877395E+00
-10.13600E-03,-16.26622E-03,+4.32877395E+00
-10.10800E-03,+23.93479E-03,+4.32877395E+00
-10.08000E-03,+23.93479E-03,+4.32877395E+00
-10.05200E-03,-16.26622E-03,+4.32877395E+00
-10.02400E-03,-16.26622E-03,+4.32877395E+00
-9.99600E-03,-16.26622E-03,+4.32877395E+00
-9.96800E-03,-16.26622E-03,+4.40917596E+00
-9.94000E-03,-16.26622E-03,+4.40917596E+00
-9.91200E-03,-16.26622E-03,+4.40917596E+00
-9.88400E-03,-16.26622E-03,+4.40917596E+00
-9.85600E-03,+23.93479E-03,+4.32877395E+00
-9.82800E-03,-16.26622E-03,+4.40917596E+00
-9.80000E-03,-16.26622E-03,+4.40917596E+00
-9.77200E-03,-16.26622E-03,+4.40917596E+00
-9.74400E-03,-16.26622E-03,+4.40917596E+00
-9.71600E-03,+23.93479E-03,+4.40917596E+00
-9.68800E-03,-16.26622E-03,+4.40917596E+00
-9.66000E-03,-16.26622E-03,+4.40917596E+00
-9.63200E-03,-16.26622E-03,+4.40917596E+00
-9.60400E-03,-16.26622E-03,+4.40917596E+00
-9.57600E-03,-16.26622E-03,+4.40917596E+00
-9.54800E-03,-16.26622E-03,+4.48957797E+00
-9.52000E-03,-16.26622E-03,+4.40917596E+00
-9.49200E-03,-16.26622E-03,+4.48957797E+00
-9.46400E-03,-16.26622E-03,+4.48957797E+00
-9.43600E-03,-16.26622E-03,+4.48957797E+00
-9.40800E-03,-16.26622E-03,+4.48957797E+00
-9.38000E-03,-16.26622E-03,+4.48957797E+00
-9.35200E-03,-16.26622E-03,+4.48957797E+00
-9.32400E-03,-16.26622E-03,+4.48957797E+00
-9.29600E-03,-16.26622E-03,+4.48957797E+00
-9.26800E-03,-16.26622E-03,+4.48957797E+00
-9.24000E-03,-16.26622E-03,+4.48957797E+00
-9.21200E-03,+23.93479E-03,+4.48957797E+00
-9.18400E-03,-16.26622E-03,+4.48957797E+00
-9.15600E-03,-16.26622E-03,+4.56997998E+00
-9.12800E-03,-16.26622E-03,+4.48957797E+00
-9.10000E-03,-16.26622E-03,+4.48957797E+00
-9.07200E-03,-16.26622E-03,+4.56997998E+00
-9.04400E-03,-16.26622E-03,+4.56997998E+00
-9.01600E-03,-16.26622E-03,+4.56997998E+00
-8.98800E-03,-16.26622E-03,+4.56997998E+00
-8.96000E-03,-16.26622E-03,+4.56997998E+00
-8.93200E-03,+23.93479E-03,+4.56997998E+00
-8.90400E-03,-16.26622E-03,+4.56997998E+00
-8.87600E-03,-16.26622E-03,+4.65038199E+00
-8.84800E-03,-16.26622E-03,+4.56997998E+00
-8.82000E-03,-16.26622E-03,+4.56997998E+00
-8.79200E-03,-16.26622E-03,+4.56997998E+00
-8.76400E-03,-16.26622E-03,+4.65038199E+00
-8.73600E-03,-16.26622E-03,+4.56997998E+00
-8.70800E-03,-16.26622E-03,+4.65038199E+00
-8.68000E-03,-16.26622E-03,+4.56997998E+00
-8.65200E-03,-16.26622E-03,+4.56997998E+00
-8.62400E-03,+23.93479E-03,+4.56997998E+00
-8.59600E-03,+23.93479E-03,+4.56997998E+00
-8.56800E-03,+23.93479E-03,+4.65038199E+00
-8.54000E-03,+23.93479E-03,+4.65038199E+00
-8.51200E-03,-16.26622E-03,+4.56997998E+00
-8.48400E-03,+23.93479E-03,+4.65038199E+00
-8.45600E-03,-16.26622E-03,+4.65038199E+00
-8.42800E-03,-16.26622E-03,+4.65038199E+00
-8.40000E-03,-16.26622E-03,+4.65038199E+00
-8.37200E-03,-16.26622E-03,+4.65038199E+00
-8.34400E-03,-16.26622E-03,+4.65038199E+00
-8.31600E-03,-16.26622E-03,+4.65038199E+00
-8.28800E-03,-16.26622E-03,+4.73078400E+00
-8.26000E-03,-16.26622E-03,+4.65038199E+00
-8.23200E-03,-16.26622E-03,+4.65038199E+00
-8.20400E-03,+23.93479E-03,+4.73078400E+00
-8.17600E-03,-16.26622E-03,+4.73078400E+00
-8.14800E-03,-16.26622E-03,+4.73078400E+00
-8.12000E-03,-16.26622E-03,+4.65038199E+00
-8.09200E-03,-16.26622E-03,+4.73078400E+00
-8.06400E-03,-16.26622E-03,+4.73078400E+00
-8.03600E-03,+23.93479E-03,+4.65038199E+00
-8.00800E-03,+23.93479E-03,+4.73078400E+00
-7.98000E-03,-16.26622E-03,+4.73078400E+00
-7.95200E-03,+23.93479E-03,+4.73078400E+00
-7.92400E-03,-16.26622E-03,+4.73078400E+00
-7.89600E-03,-16.26622E-03,+4.73078400E+00
-7.86800E-03,+23.93479E-03,+4.73078400E+00
-7.84000E-03,-16.26622E-03,+4.73078400E+00
-7.81200E-03,-16.26622E-03,+4.73078400E+00
-7.78400E-03,-16.26622E-03,+4.81118601E+00
-7.75600E-03,-16.26622E-03,+4.81118601E+00
-7.72800E-03,-16.26622E-03,+4.73078400E+00
-7.70000E-03,-16.26622E-03,+4.73078400E+00
-7.67200E-03,-16.26622E-03,+4.73078400E+00
-7.64400E-03,-16.26622E-03,+4.73078400E+00
-7.61600E-03,-16.26622E-03,+4.81118601E+00
-7.58800E-03,+23.93479E-03,+4.81118601E+00
-7.56000E-03,-16.26622E-03,+4.73078400E+00
-7.53200E-03,+23.93479E-03,+4.81118601E+00
-7.50400E-03,-16.26622E-03,+4.81118601E+00
-7.47600E-03,+23.93479E-03,+4.81118601E+00
-7.44800E-03,+23.93479E-03,+4.81118601E+00
-7.42000E-03,+23.93479E-03,+4.81118601E+00
-7.39200E-03,-16.26622E-03,+4.89158802E+00
-7.36400E-03,+23.93479E-03,+4.81118601E+00
-7.33600E-03,-16.26622E-03,+4.81118601E+00
-7.30800E-03,+23.93479E-03,+4.81118601E+00
-7.28000E-03,+23.93479E-03,+4.81118601E+00
-7.25200E-03,+23.93479E-03,+4.81118601E+00
-7.22400E-03,-16.26622E-03,+4.81118601E+00
-7.19600E-03,-16.26622E-03,+4.89158802E+00
-7.16800E-03,-16.26622E-03,+4.89158802E+00
-7.14000E-03,+23.93479E-03,+4.89158802E+00
-7.11200E-03,-16.26622E-03,+4.89158802E+00
-7.08400E-03,+23.93479E-03,+4.89158802E+00
-7.05600E-03,+23.93479E-03,+4.97199003E+00
-7.02800E-03,+23.93479E-03,+4.89158802E+00
-7.00000E-03,+23.93479E-03,+4.89158802E+00
-6.97200E-03,+23.93479E-03,+4.89158802E+00
-6.94400E-03,+23.93479E-03,+4.89158802E+00
-6.91600E-03,+23.93479E-03,+4.89158802E+00
-6.88800E-03,+64.13579E-03,+4.89158802E+00
-6.86000E-03,+23.93479E-03,+4.97199003E+00
-6.83200E-03,+64.13579E-03,+4.97199003E+00
-6.80400E-03,+23.93479E-03,+4.89158802E+00
-6.77600E-03,+64.13579E-03,+4.97199003E+00
-6.74800E-03,+23.93479E-03,+4.97199003E+00
-6.72000E-03,+64.13579E-03,+4.97199003E+00
-6.69200E-03,+23.93479E-03,+4.97199003E+00
-6.66400E-03,+64.13579E-03,+4.97199003E+00
-6.63600E-03,+64.13579E-03,+4.97199003E+00
-6.60800E-03,+104.33679E-03,+4.89158802E+00
-6.58000E-03,+64.13579E-03,+4.97199003E+00
-6.55200E-03,+23.93479E-03,+4.97199003E+00
-6.52400E-03,+144.53780E-03,+4.97199003E+00
-6.49600E-03,+104.33679E-03,+4.97199003E+00
-6.46800E-03,+104.33679E-03,+4.97199003E+00
-6.44000E-03,+23.93479E-03,+4.97199003E+00
-6.41200E-03,+184.73880E-03,+4.97199003E+00
-6.38400E-03,+144.53780E-03,+4.97199003E+00
-6.35600E-03,+184.73880E-03,+4.97199003E+00
-6.32800E-03,+224.93981E-03,+5.05239204E+00
-6.30000E-03,+265.14081E-03,+5.05239204E+00
-6.27200E-03,+626.94985E-03,+5.05239204E+00
-6.24400E-03,+425.94483E-03,+5.05239204E+00
-6.21600E-03,+345.54282E-03,+5.05239204E+00
-6.18800E-03,+868.15588E-03,+5.05239204E+00
-6.16000E-03,+1.47117095E+00,+5.05239204E+00
-6.13200E-03,+3.28021616E+00,+5.05239204E+00
-6.10400E-03,+1.75257798E+00,+5.05239204E+00
-6.07600E-03,+787.75387E-03,+4.97199003E+00
-6.04800E-03,+64.13579E-03,+5.05239204E+00
-6.02000E-03,+385.74383E-03,+5.05239204E+00
-5.99200E-03,+265.14081E-03,+5.05239204E+00
-5.96400E-03,-96.66823E-03,+5.13279404E+00
-5.93600E-03,+104.33679E-03,+5.13279404E+00
-5.90800E-03,+64.13579E-03,+5.05239204E+00
-5.88000E-03,-16.26622E-03,+5.05239204E+00
-5.85200E-03,+23.93479E-03,+5.13279404E+00
-5.82400E-03,+23.93479E-03,+5.13279404E+00
-5.79600E-03,-16.26622E-03,+5.13279404E+00
-5.76800E-03,-16.26622E-03,+5.13279404E+00
-5.74000E-03,-16.26622E-03,+5.05239204E+00
-5.71200E-03,-16.26622E-03,+5.13279404E+00
-5.68400E-03,-16.26622E-03,+5.05239204E+00
-5.65600E-03,+23.93479E-03,+5.05239204E+00
-5.62800E-03,-16.26622E-03,+5.13279404E+00
-5.60000E-03,-16.26622E-03,+5.13279404E+00
-5.57200E-03,-56.46722E-03,+5.13279404E+00
-5.54400E-03,-16.26622E-03,+5.13279404E+00
-5.51600E-03,-16.26622E-03,+5.21319605E+00
-5.48800E-03,-16.26622E-03,+5.13279404E+00
-5.46000E-03,-56.46722E-03,+5.13279404E+00
-5.43200E-03,-16.26622E-03,+5.13279404E+00
-5.40400E-03,-16.26622E-03,+5.21319605E+00
-5.37600E-03,-16.26622E-03,+5.13279404E+00
-5.34800E-03,-16.26622E-03,+5.21319605E+00
-5.32000E-03,-16.26622E-03,+5.13279404E+00
-5.29200E-03,-16.26622E-03,+5.21319605E+00
-5.26400E-03,-16.26622E-03,+5.21319605E+00
-5.23600E-03,-16.26622E-03,+5.21319605E+00
-5.20800E-03,-16.26622E-03,+5.21319605E+00
-5.18000E-03,-16.26622E-03,+5.21319605E+00
-5.15200E-03,-16.26622E-03,+5.21319605E+00
-5.12400E-03,-16.26622E-03,+5.21319605E+00
-5.09600E-03,-56.46722E-03,+5.21319605E+00
-5.06800E-03,-16.26622E-03,+5.21319605E+00
-5.04000E-03,-16.26622E-03,+5.21319605E+00
-5.01200E-03,-16.26622E-03,+5.21319605E+00
-4.98400E-03,-16.26622E-03,+5.21319605E+00
-4.95600E-03,-16.26622E-03,+5.21319605E+00
-4.92800E-03,-16.26622E-03,+5.29359806E+00
-4.90000E-03,-56.46722E-03,+5.21319605E+00
-4.87200E-03,-16.26622E-03,+5.21319605E+00
-4.84400E-03,-16.26622E-03,+5.29359806E+00
-4.81600E-03,-16.26622E-03,+5.29359806E+00
-4.78800E-03,-16.26622E-03,+5.29359806E+00
-4.76000E-03,-56.46722E-03,+5.29359806E+00
-4.73200E-03,-16.26622E-03,+5.29359806E+00
-4.70400E-03,-16.26622E-03,+5.29359806E+00
-4.67600E-03,-16.26622E-03,+5.29359806E+00
-4.64800E-03,-16.26622E-03,+5.29359806E+00
-4.62000E-03,-16.26622E-03,+5.29359806E+00
-4.59200E-03,-16.26622E-03,+5.29359806E+00
-4.56400E-03,-16.26622E-03,+5.29359806E+00
-4.53600E-03,-16.26622E-03,+5.29359806E+00
-4.50800E-03,-16.26622E-03,+5.29359806E+00
-4.48000E-03,-16.26622E-03,+5.29359806E+00
-4.45200E-03,-16.26622E-03,+5.29359806E+00
-4.42400E-03,-16.26622E-03,+5.37400007E+00
-4.39600E-03,-16.26622E-03,+5.37400007E+00
-4.36800E-03,-56.46722E-03,+5.37400007E+00
-4.34000E-03,-16.26622E-03,+5.37400007E+00
-4.31200E-03,-16.26622E-03,+5.37400007E+00
-4.28400E-03,-16.26622E-03,+5.37400007E+00
-4.25600E-03,-16.26622E-03,+5.37400007E+00
-4.22800E-03,-16.26622E-03,+5.37400007E+00
-4.20000E-03,-16.26622E-03,+5.37400007E+00
-4.17200E-03,-16.26622E-03,+5.37400007E+00
-4.14400E-03,-16.26622E-03,+5.37400007E+00
-4.11600E-03,-16.26622E-03,+5.45440208E+00
-4.08800E-03,-16.26622E-03,+5.37400007E+00
-4.06000E-03,-16.26622E-03,+5.37400007E+00
-4.03200E-03,-56.46722E-03,+5.37400007E+00
-4.00400E-03,-16.26622E-03,+5.37400007E+00
-3.97600E-03,-16.26622E-03,+5.37400007E+00
-3.94800E-03,-16.26622E-03,+5.37400007E+00
-3.92000E-03,-16.26622E-03,+5.45440208E+00
-3.89200E-03,-16.26622E-03,+5.45440208E+00
-3.86400E-03,-16.26622E-03,+5.45440208E+00
-3.83600E-03,-56.46722E-03,+5.45440208E+00
-3.80800E-03,-16.26622E-03,+5.45440208E+00
-3.78000E-03,-16.26622E-03,+5.45440208E+00
-3.75200E-03,-16.26622E-03,+5.45440208E+00
-3.72400E-03,-16.26622E-03,+5.45440208E+00
-3.69600E-03,-16.26622E-03,+5.45440208E+00
-3.66800E-03,-16.26622E-03,+5.53480409E+00
-3.64000E-03,-56.46722E-03,+5.53480409E+00
-3.61200E-03,-16.26622E-03,+5.45440208E+00
-3.58400E-03,-16.26622E-03,+5.53480409E+00
-3.55600E-03,-56.46722E-03,+5.53480409E+00
-3.52800E-03,-16.26622E-03,+5.45440208E+00
-3.50000E-03,-16.26622E-03,+5.45440208E+00
-3.47200E-03,-56.46722E-03,+5.53480409E+00
-3.44400E-03,-16.26622E-03,+5.45440208E+00
-3.41600E-03,-16.26622E-03,+5.53480409E+00
-3.38800E-03,-56.46722E-03,+5.45440208E+00
-3.36000E-03,-16.26622E-03,+5.45440208E+00
-3.33200E-03,-56.46722E-03,+5.53480409E+00
-3.30400E-03,-16.26622E-03,+5.53480409E+00
-3.27600E-03,-16.26622E-03,+5.53480409E+00
-3.24800E-03,-16.26622E-03,+5.53480409E+00
-3.22000E-03,-16.26622E-03,+5.53480409E+00
-3.19200E-03,-56.46722E-03,+5.53480409E+00
-3.16400E-03,-16.26622E-03,+5.53480409E+00
-3.13600E-03,-16.26622E-03,+5.53480409E+00
-3.10800E-03,-16.26622E-03,+5.53480409E+00
-3.08000E-03,-16.26622E-03,+5.53480409E+00
-3.05200E-03,-16.26622E-03,+5.53480409E+00
-3.02400E-03,-16.26622E-03,+5.53480409E+00
-2.99600E-03,-16.26622E-03,+5.53480409E+00
-2.96800E-03,-16.26622E-03,+5.53480409E+00
-2.94000E-03,-16.26622E-03,+5.61520610E+00
-2.91200E-03,-16.26622E-03,+5.53480409E+00
-2.88400E-03,-16.26622E-03,+5.61520610E+00
-2.85600E-03,-16.26622E-03,+5.53480409E+00
-2.82800E-03,+23.93479E-03,+5.61520610E+00
-2.80000E-03,-16.26622E-03,+5.61520610E+00
-2.77200E-03,-16.26622E-03,+5.61520610E+00
-2.74400E-03,-16.26622E-03,+5.61520610E+00
-2.71600E-03,-56.46722E-03,+5.61520610E+00
-2.68800E-03,-16.26622E-03,+5.61520610E+00
-2.66000E-03,-16.26622E-03,+5.61520610E+00
-2.63200E-03,-16.26622E-03,+5.61520610E+00
-2.60400E-03,-16.26622E-03,+5.61520610E+00
-2.57600E-03,-16.26622E-03,+5.61520610E+00
-2.54800E-03,-16.26622E-03,+5.69560811E+00
-2.52000E-03,-16.26622E-03,+5.61520610E+00
-2.49200E-03,-16.26622E-03,+5.69560811E+00
-2.46400E-03,-16.26622E-03,+5.69560811E+00
-2.43600E-03,-16.26622E-03,+5.61520610E+00
-2.40800E-03,-16.26622E-03,+5.69560811E+00
-2.38000E-03,-16.26622E-03,+5.69560811E+00
-2.35200E-03,-16.26622E-03,+5.69560811E+00
-2.32400E-03,+23.93479E-03,+5.69560811E+00
-2.29600E-03,-16.26622E-03,+5.61520610E+00
-2.26800E-03,-16.26622E-03,+5.69560811E+00
-2.24000E-03,-16.26622E-03,+5.69560811E+00
-2.21200E-03,-16.26622E-03,+5.77601012E+00
-2.18400E-03,-16.26622E-03,+5.69560811E+00
-2.15600E-03,-16.26622E-03,+5.77601012E+00
-2.12800E-03,-16.26622E-03,+5.69560811E+00
-2.10000E-03,-16.26622E-03,+5.77601012E+00
-2.07200E-03,-16.26622E-03,+5.77601012E+00
-2.04400E-03,-16.26622E-03,+5.69560811E+00
-2.01600E-03,-16.26622E-03,+5.77601012E+00
-1.98800E-03,-16.26622E-03,+5.77601012E+00
-1.96000E-03,-16.26622E-03,+5.77601012E+00
-1.93200E-03,-16.26622E-03,+5.77601012E+00
-1.90400E-03,-16.26622E-03,+5.77601012E+00
-1.87600E-03,+23.93479E-03,+5.77601012E+00
-1.84800E-03,-16.26622E-03,+5.77601012E+00
-1.82000E-03,-16.26622E-03,+5.77601012E+00
-1.79200E-03,-16.26622E-03,+5.77601012E+00
-1.76400E-03,-16.26622E-03,+5.77601012E+00
-1.73600E-03,-16.26622E-03,+5.77601012E+00
-1.70800E-03,-16.26622E-03,+5.85641213E+00
-1.68000E-03,-56.46722E-03,+5.85641213E+00
-1.65200E-03,-16.26622E-03,+5.85641213E+00
-1.62400E-03,-16.26622E-03,+5.85641213E+00
-1.59600E-03,-16.26622E-03,+5.85641213E+00
-1.56800E-03,-16.26622E-03,+5.85641213E+00
-1.54000E-03,-16.26622E-03,+5.85641213E+00
-1.51200E-03,-16.26622E-03,+5.85641213E+00
-1.48400E-03,-16.26622E-03,+5.93681414E+00
-1.45600E-03,-16.26622E-03,+5.85641213E+00
-1.42800E-03,-16.26622E-03,+5.85641213E+00
-1.40000E-03,-16.26622E-03,+5.85641213E+00
-1.37200E-03,-56.46722E-03,+5.93681414E+00
-1.34400E-03,-16.26622E-03,+5.85641213E+00
-1.31600E-03,-16.26622E-03,+5.85641213E+00
-1.28800E-03,-16.26622E-03,+5.85641213E+00
-1.26000E-03,-16.26622E-03,+5.93681414E+00
-1.23200E-03,-16.26622E-03,+5.93681414E+00
-1.20400E-03,+23.93479E-03,+5.93681414E+00
-1.17600E-03,+23.93479E-03,+5.93681414E+00
-1.14800E-03,-16.26622E-03,+5.93681414E+00
-1.12000E-03,-16.26622E-03,+5.93681414E+00
-1.09200E-03,+23.93479E-03,+5.93681414E+00
-1.06400E-03,-16.26622E-03,+5.93681414E+00
-1.03600E-03,+23.93479E-03,+5.93681414E+00
-1.00800E-03,+23.93479E-03,+5.93681414E+00
-980.00E-06,+23.93479E-03,+5.93681414E+00
-952.00E-06,+23.93479E-03,+5.93681414E+00
-924.00E-06,-16.26622E-03,+5.93681414E+00
-896.00E-06,-16.26622E-03,+5.93681414E+00
-868.00E-06,+23.93479E-03,+5.93681414E+00
-840.00E-06,+23.93479E-03,+5.93681414E+00
-812.00E-06,+23.93479E-03,+6.01721615E+00
-784.00E-06,+23.93479E-03,+6.01721615E+00
-756.00E-06,+23.93479E-03,+6.01721615E+00
-728.00E-06,+64.13579E-03,+5.93681414E+00
-700.00E-06,+23.93479E-03,+6.01721615E+00
-672.00E-06,+23.93479E-03,+5.93681414E+00
-644.00E-06,+23.93479E-03,+6.01721615E+00
-616.00E-06,+104.33679E-03,+6.01721615E+00
-588.00E-06,+104.33679E-03,+6.01721615E+00
-560.00E-06,+64.13579E-03,+6.01721615E+00
-532.00E-06,+104.33679E-03,+6.01721615E+00
-504.00E-06,+184.73880E-03,+6.01721615E+00
-476.00E-06,+184.73880E-03,+6.01721615E+00
-448.00E-06,+184.73880E-03,+6.01721615E+00
-420.00E-06,+305.34182E-03,+6.01721615E+00
-392.00E-06,+827.95488E-03,+6.09761816E+00
-364.00E-06,+1.43096995E+00,+6.01721615E+00
-336.00E-06,+385.74383E-03,+6.01721615E+00
-308.00E-06,+224.93981E-03,+6.01721615E+00
-280.00E-06,+64.13579E-03,+6.01721615E+00
-252.00E-06,+64.13579E-03,+6.01721615E+00
-224.00E-06,+64.13579E-03,+6.01721615E+00
-196.00E-06,-16.26622E-03,+6.01721615E+00
-168.00E-06,+23.93479E-03,+6.09761816E+00
-140.00E-06,-16.26622E-03,+6.09761816E+00
-112.00E-06,-16.26622E-03,+6.09761816E+00
-84.00E-06,+23.93479E-03,+6.09761816E+00
-56.00E-06,-16.26622E-03,+6.09761816E+00
-28.00E-06,-16.26622E-03,+6.09761816E+00
+0.0E+00,-56.46722E-03,+6.09761816E+00
+28.00E-06,-16.26622E-03,+6.09761816E+00
+56.00E-06,-16.26622E-03,+6.09761816E+00
+84.00E-06,-16.26622E-03,+6.17802016E+00
+112.00E-06,-16.26622E-03,+6.09761816E+00
+140.00E-06,-16.26622E-03,+6.17802016E+00
+168.00E-06,-16.26622E-03,+6.17802016E+00
+196.00E-06,+23.93479E-03,+6.09761816E+00
+224.00E-06,-16.26622E-03,+6.17802016E+00
+252.00E-06,-16.26622E-03,+6.09761816E+00
+280.00E-06,-16.26622E-03,+6.09761816E+00
+308.00E-06,-16.26622E-03,+6.17802016E+00
+336.00E-06,+23.93479E-03,+6.17802016E+00
+364.00E-06,-16.26622E-03,+6.17802016E+00
+392.00E-06,-16.26622E-03,+6.17802016E+00
+420.00E-06,-16.26622E-03,+6.17802016E+00
+448.00E-06,-16.26622E-03,+6.17802016E+00
+476.00E-06,-56.46722E-03,+6.09761816E+00
+504.00E-06,-16.26622E-03,+6.17802016E+00
+532.00E-06,-56.46722E-03,+6.25842217E+00
+560.00E-06,-56.46722E-03,+6.09761816E+00
+588.00E-06,-16.26622E-03,+6.25842217E+00
+616.00E-06,-56.46722E-03,+6.17802016E+00
+644.00E-06,-16.26622E-03,+6.25842217E+00
+672.00E-06,-56.46722E-03,+6.25842217E+00
+700.00E-06,-16.26622E-03,+6.25842217E+00
+728.00E-06,-16.26622E-03,+6.25842217E+00
+756.00E-06,-16.26622E-03,+6.25842217E+00
+784.00E-06,-56.46722E-03,+6.25842217E+00
+812.00E-06,-16.26622E-03,+6.25842217E+00
+840.00E-06,-16.26622E-03,+6.25842217E+00
+868.00E-06,-56.46722E-03,+6.25842217E+00
+896.00E-06,-16.26622E-03,+6.25842217E+00
+924.00E-06,-16.26622E-03,+6.25842217E+00
+952.00E-06,-16.26622E-03,+6.25842217E+00
+980.00E-06,-16.26622E-03,+6.33882418E+00
+1.00800E-03,-56.46722E-03,+6.25842217E+00
+1.03600E-03,-16.26622E-03,+6.33882418E+00
+1.06400E-03,-16.26622E-03,+6.25842217E+00
+1.09200E-03,-16.26622E-03,+6.33882418E+00
+1.12000E-03,-16.26622E-03,+6.25842217E+00
+1.14800E-03,-16.26622E-03,+6.25842217E+00
+1.17600E-03,-16.26622E-03,+6.33882418E+00
+1.20400E-03,-56.46722E-03,+6.33882418E+00
+1.23200E-03,-16.26622E-03,+6.33882418E+00
+1.26000E-03,-16.26622E-03,+6.33882418E+00
+1.28800E-03,-56.46722E-03,+6.33882418E+00
+1.31600E-03,-16.26622E-03,+6.33882418E+00
+1.34400E-03,-16.26622E-03,+6.33882418E+00
+1.37200E-03,-56.46722E-03,+6.33882418E+00
+1.40000E-03,-16.26622E-03,+6.33882418E+00
+1.42800E-03,-16.26622E-03,+6.33882418E+00
+1.45600E-03,-16.26622E-03,+6.33882418E+00
+1.48400E-03,-16.26622E-03,+6.33882418E+00
+1.51200E-03,-16.26622E-03,+6.33882418E+00
+1.54000E-03,-16.26622E-03,+6.33882418E+00
+1.56800E-03,-16.26622E-03,+6.33882418E+00
+1.59600E-03,-16.26622E-03,+6.33882418E+00
+1.62400E-03,-16.26622E-03,+6.41922619E+00
+1.65200E-03,-16.26622E-03,+6.33882418E+00
+1.68000E-03,-56.46722E-03,+6.41922619E+00
+1.70800E-03,-16.26622E-03,+6.41922619E+00
+1.73600E-03,-16.26622E-03,+6.33882418E+00
+1.76400E-03,-16.26622E-03,+6.33882418E+00
+1.79200E-03,-16.26622E-03,+6.41922619E+00
+1.82000E-03,-56.46722E-03,+6.41922619E+00
+1.84800E-03,-16.26622E-03,+6.41922619E+00
+1.87600E-03,-16.26622E-03,+6.41922619E+00
+1.90400E-03,-16.26622E-03,+6.49962820E+00
+1.93200E-03,-16.26622E-03,+6.41922619E+00
+1.96000E-03,-56.46722E-03,+6.41922619E+00
+1.98800E-03,-16.26622E-03,+6.41922619E+00
+2.01600E-03,-16.26622E-03,+6.49962820E+00
+2.04400E-03,-16.26622E-03,+6.41922619E+00
+2.07200E-03,+23.93479E-03,+6.41922619E+00
+2.10000E-03,-56.46722E-03,+6.49962820E+00
+2.12800E-03,-56.46722E-03,+6.49962820E+00
+2.15600E-03,-56.46722E-03,+6.41922619E+00
+2.18400E-03,-16.26622E-03,+6.49962820E+00
+2.21200E-03,-16.26622E-03,+6.49962820E+00
+2.24000E-03,-16.26622E-03,+6.49962820E+00
+2.26800E-03,-16.26622E-03,+6.49962820E+00
+2.29600E-03,-56.46722E-03,+6.49962820E+00
+2.32400E-03,-16.26622E-03,+6.49962820E+00
+2.35200E-03,-16.26622E-03,+6.49962820E+00
+2.38000E-03,-16.26622E-03,+6.49962820E+00
+2.40800E-03,-16.26622E-03,+6.49962820E+00
+2.43600E-03,-16.26622E-03,+6.49962820E+00
+2.46400E-03,-16.26622E-03,+6.58003021E+00
+2.49200E-03,-16.26622E-03,+6.49962820E+00
+2.52000E-03,-16.26622E-03,+6.58003021E+00
+2.54800E-03,-16.26622E-03,+6.49962820E+00
+2.57600E-03,-16.26622E-03,+6.58003021E+00
+2.60400E-03,-56.46722E-03,+6.58003021E+00
+2.63200E-03,-16.26622E-03,+6.58003021E+00
+2.66000E-03,-16.26622E-03,+6.58003021E+00
+2.68800E-03,-16.26622E-03,+6.58003021E+00
+2.71600E-03,-16.26622E-03,+6.58003021E+00
+2.74400E-03,-16.26622E-03,+6.58003021E+00
+2.77200E-03,-16.26622E-03,+6.58003021E+00
+2.80000E-03,-16.26622E-03,+6.58003021E+00
+2.82800E-03,-16.26622E-03,+6.66043222E+00
+2.85600E-03,+23.93479E-03,+6.58003021E+00
+2.88400E-03,-16.26622E-03,+6.66043222E+00
+2.91200E-03,-16.26622E-03,+6.58003021E+00
+2.94000E-03,-16.26622E-03,+6.58003021E+00
+2.96800E-03,-16.26622E-03,+6.66043222E+00
+2.99600E-03,-16.26622E-03,+6.58003021E+00
+3.02400E-03,-16.26622E-03,+6.66043222E+00
+3.05200E-03,-16.26622E-03,+6.66043222E+00
+3.08000E-03,-56.46722E-03,+6.66043222E+00
+3.10800E-03,-16.26622E-03,+6.58003021E+00
+3.13600E-03,-16.26622E-03,+6.66043222E+00
+3.16400E-03,-16.26622E-03,+6.66043222E+00
+3.19200E-03,-16.26622E-03,+6.66043222E+00
+3.22000E-03,-16.26622E-03,+6.66043222E+00
+3.24800E-03,-16.26622E-03,+6.74083423E+00
+3.27600E-03,-16.26622E-03,+6.66043222E+00
+3.30400E-03,-16.26622E-03,+6.66043222E+00
+3.33200E-03,-16.26622E-03,+6.66043222E+00
+3.36000E-03,-16.26622E-03,+6.66043222E+00
+3.38800E-03,-16.26622E-03,+6.66043222E+00
+3.41600E-03,-16.26622E-03,+6.66043222E+00
+3.44400E-03,-16.26622E-03,+6.66043222E+00
+3.47200E-03,-16.26622E-03,+6.66043222E+00
+3.50000E-03,-16.26622E-03,+6.74083423E+00
+3.52800E-03,-16.26622E-03,+6.66043222E+00
+3.55600E-03,-16.26622E-03,+6.74083423E+00
+3.58400E-03,-16.26622E-03,+6.74083423E+00
+3.61200E-03,-16.26622E-03,+6.74083423E+00
+3.64000E-03,-16.26622E-03,+6.74083423E+00
+3.66800E-03,-16.26622E-03,+6.74083423E+00
+3.69600E-03,-56.46722E-03,+6.74083423E+00
+3.72400E-03,-16.26622E-03,+6.74083423E+00
+3.75200E-03,-16.26622E-03,+6.82123624E+00
+3.78000E-03,-16.26622E-03,+6.82123624E+00
+3.80800E-03,-16.26622E-03,+6.74083423E+00
+3.83600E-03,-16.26622E-03,+6.74083423E+00
+3.86400E-03,-16.26622E-03,+6.82123624E+00
+3.89200E-03,-16.26622E-03,+6.74083423E+00
+3.92000E-03,-16.26622E-03,+6.82123624E+00
+3.94800E-03,-16.26622E-03,+6.74083423E+00
+3.97600E-03,-16.26622E-03,+6.74083423E+00
+4.00400E-03,-16.26622E-03,+6.82123624E+00
+4.03200E-03,-16.26622E-03,+6.82123624E+00
+4.06000E-03,-16.26622E-03,+6.82123624E+00
+4.08800E-03,-16.26622E-03,+6.82123624E+00
+4.11600E-03,-16.26622E-03,+6.82123624E+00
+4.14400E-03,-56.46722E-03,+6.82123624E+00
+4.17200E-03,+23.93479E-03,+6.82123624E+00
+4.20000E-03,-16.26622E-03,+6.82123624E+00
+4.22800E-03,-16.26622E-03,+6.82123624E+00
+4.25600E-03,-56.46722E-03,+6.82123624E+00
+4.28400E-03,-16.26622E-03,+6.82123624E+00
+4.31200E-03,+23.93479E-03,+6.90163825E+00
+4.34000E-03,-16.26622E-03,+6.82123624E+00
+4.36800E-03,-16.26622E-03,+6.90163825E+00
+4.39600E-03,-16.26622E-03,+6.90163825E+00
+4.42400E-03,-16.26622E-03,+6.82123624E+00
+4.45200E-03,+23.93479E-03,+6.82123624E+00
+4.48000E-03,-16.26622E-03,+6.82123624E+00
+4.50800E-03,-16.26622E-03,+6.90163825E+00
+4.53600E-03,-16.26622E-03,+6.82123624E+00
+4.56400E-03,-16.26622E-03,+6.90163825E+00
+4.59200E-03,-16.26622E-03,+6.90163825E+00
+4.62000E-03,-16.26622E-03,+6.90163825E+00
+4.64800E-03,-16.26622E-03,+6.90163825E+00
+4.67600E-03,-16.26622E-03,+6.90163825E+00
+4.70400E-03,+23.93479E-03,+6.98204026E+00
+4.73200E-03,-16.26622E-03,+6.90163825E+00
+4.76000E-03,-16.26622E-03,+6.90163825E+00
+4.78800E-03,+23.93479E-03,+6.90163825E+00
+4.81600E-03,-16.26622E-03,+6.98204026E+00
+4.84400E-03,-16.26622E-03,+6.90163825E+00
+4.87200E-03,-16.26622E-03,+6.98204026E+00
+4.90000E-03,-16.26622E-03,+6.98204026E+00
+4.92800E-03,+23.93479E-03,+6.90163825E+00
+4.95600E-03,+23.93479E-03,+6.98204026E+00
+4.98400E-03,+23.93479E-03,+6.98204026E+00
+5.01200E-03,+23.93479E-03,+6.98204026E+00
+5.04000E-03,-16.26622E-03,+6.98204026E+00
+5.06800E-03,+23.93479E-03,+6.98204026E+00
+5.09600E-03,-16.26622E-03,+6.98204026E+00
+5.12400E-03,+23.93479E-03,+6.98204026E+00
+5.15200E-03,-16.26622E-03,+6.98204026E+00
+5.18000E-03,-16.26622E-03,+6.98204026E+00
+5.20800E-03,-16.26622E-03,+6.98204026E+00
+5.23600E-03,+23.93479E-03,+6.98204026E+00
+5.26400E-03,+23.93479E-03,+6.98204026E+00
+5.29200E-03,+23.93479E-03,+6.98204026E+00
+5.32000E-03,-16.26622E-03,+6.90163825E+00
+5.34800E-03,-16.26622E-03,+6.98204026E+00
+5.37600E-03,-16.26622E-03,+6.98204026E+00
+5.40400E-03,-16.26622E-03,+6.98204026E+00
+5.43200E-03,-16.26622E-03,+6.90163825E+00
+5.46000E-03,-16.26622E-03,+6.90163825E+00
+5.48800E-03,-16.26622E-03,+6.90163825E+00
+5.51600E-03,+23.93479E-03,+6.90163825E+00
+5.54400E-03,+23.93479E-03,+6.90163825E+00
+5.57200E-03,-16.26622E-03,+6.90163825E+00
+5.60000E-03,-16.26622E-03,+6.90163825E+00
+5.62800E-03,-16.26622E-03,+6.90163825E+00
+5.65600E-03,-16.26622E-03,+6.90163825E+00
+5.68400E-03,-16.26622E-03,+6.90163825E+00
+5.71200E-03,-16.26622E-03,+6.90163825E+00
+5.74000E-03,-16.26622E-03,+6.90163825E+00
+5.76800E-03,-16.26622E-03,+6.90163825E+00
+5.79600E-03,+23.93479E-03,+6.90163825E+00
+5.82400E-03,-16.26622E-03,+6.90163825E+00
+5.85200E-03,-16.26622E-03,+6.90163825E+00
+5.88000E-03,+23.93479E-03,+6.90163825E+00
+5.90800E-03,-16.26622E-03,+6.82123624E+00
+5.93600E-03,-16.26622E-03,+6.82123624E+00
+5.96400E-03,+23.93479E-03,+6.82123624E+00
+5.99200E-03,+23.93479E-03,+6.82123624E+00
+6.02000E-03,-16.26622E-03,+6.82123624E+00
+6.04800E-03,-16.26622E-03,+6.82123624E+00
+6.07600E-03,-16.26622E-03,+6.82123624E+00
+6.10400E-03,-16.26622E-03,+6.82123624E+00
+6.13200E-03,-16.26622E-03,+6.82123624E+00
+6.16000E-03,-16.26622E-03,+6.82123624E+00
+6.18800E-03,-16.26622E-03,+6.82123624E+00
+6.21600E-03,-16.26622E-03,+6.82123624E+00
+6.24400E-03,-16.26622E-03,+6.82123624E+00
+6.27200E-03,-16.26622E-03,+6.82123624E+00
+6.30000E-03,-16.26622E-03,+6.82123624E+00
+6.32800E-03,-16.26622E-03,+6.82123624E+00
+6.35600E-03,-56.46722E-03,+6.74083423E+00
+6.38400E-03,-16.26622E-03,+6.74083423E+00
+6.41200E-03,-16.26622E-03,+6.74083423E+00
+6.44000E-03,-16.26622E-03,+6.82123624E+00
+6.46800E-03,-16.26622E-03,+6.74083423E+00
+6.49600E-03,-16.26622E-03,+6.74083423E+00
+6.52400E-03,-16.26622E-03,+6.74083423E+00
+6.55200E-03,-16.26622E-03,+6.74083423E+00
+6.58000E-03,-16.26622E-03,+6.74083423E+00
+6.60800E-03,-16.26622E-03,+6.74083423E+00
+6.63600E-03,-16.26622E-03,+6.74083423E+00
+6.66400E-03,-56.46722E-03,+6.74083423E+00
+6.69200E-03,-16.26622E-03,+6.74083423E+00
+6.72000E-03,-16.26622E-03,+6.74083423E+00
+6.74800E-03,-16.26622E-03,+6.74083423E+00
+6.77600E-03,-16.26622E-03,+6.74083423E+00
+6.80400E-03,-16.26622E-03,+6.74083423E+00
+6.83200E-03,-16.26622E-03,+6.74083423E+00
+6.86000E-03,-16.26622E-03,+6.66043222E+00
+6.88800E-03,-16.26622E-03,+6.66043222E+00
+6.91600E-03,-16.26622E-03,+6.66043222E+00
+6.94400E-03,-16.26622E-03,+6.66043222E+00
+6.97200E-03,-16.26622E-03,+6.74083423E+00
+7.00000E-03,-16.26622E-03,+6.66043222E+00
+7.02800E-03,-16.26622E-03,+6.66043222E+00
+7.05600E-03,+23.93479E-03,+6.66043222E+00
+7.08400E-03,-16.26622E-03,+6.66043222E+00
+7.11200E-03,+23.93479E-03,+6.66043222E+00
+7.14000E-03,-16.26622E-03,+6.66043222E+00
+7.16800E-03,+23.93479E-03,+6.58003021E+00
+7.19600E-03,-16.26622E-03,+6.58003021E+00
+7.22400E-03,-16.26622E-03,+6.66043222E+00
+7.25200E-03,-16.26622E-03,+6.66043222E+00
+7.28000E-03,-16.26622E-03,+6.66043222E+00
+7.30800E-03,-16.26622E-03,+6.58003021E+00
+7.33600E-03,+23.93479E-03,+6.66043222E+00
+7.36400E-03,-16.26622E-03,+6.58003021E+00
+7.39200E-03,-16.26622E-03,+6.58003021E+00
+7.42000E-03,-16.26622E-03,+6.58003021E+00
+7.44800E-03,-16.26622E-03,+6.58003021E+00
+7.47600E-03,-16.26622E-03,+6.66043222E+00
+7.50400E-03,+23.93479E-03,+6.58003021E+00
+7.53200E-03,-16.26622E-03,+6.58003021E+00
+7.56000E-03,-16.26622E-03,+6.58003021E+00
+7.58800E-03,-16.26622E-03,+6.58003021E+00
+7.61600E-03,-16.26622E-03,+6.58003021E+00
+7.64400E-03,-16.26622E-03,+6.58003021E+00
+7.67200E-03,-16.26622E-03,+6.58003021E+00
+7.70000E-03,+23.93479E-03,+6.58003021E+00
+7.72800E-03,-16.26622E-03,+6.58003021E+00
+7.75600E-03,-16.26622E-03,+6.58003021E+00
+7.78400E-03,-16.26622E-03,+6.49962820E+00
+7.81200E-03,-16.26622E-03,+6.58003021E+00
+7.84000E-03,-16.26622E-03,+6.49962820E+00
+7.86800E-03,-16.26622E-03,+6.49962820E+00
+7.89600E-03,-16.26622E-03,+6.49962820E+00
+7.92400E-03,-16.26622E-03,+6.49962820E+00
+7.95200E-03,-16.26622E-03,+6.49962820E+00
+7.98000E-03,-16.26622E-03,+6.49962820E+00
+8.00800E-03,+23.93479E-03,+6.49962820E+00
+8.03600E-03,-16.26622E-03,+6.49962820E+00
+8.06400E-03,-16.26622E-03,+6.41922619E+00
+8.09200E-03,-16.26622E-03,+6.49962820E+00
+8.12000E-03,+23.93479E-03,+6.49962820E+00
+8.14800E-03,-16.26622E-03,+6.49962820E+00
+8.17600E-03,-16.26622E-03,+6.41922619E+00
+8.20400E-03,-16.26622E-03,+6.41922619E+00
+8.23200E-03,-16.26622E-03,+6.41922619E+00
+8.26000E-03,-16.26622E-03,+6.49962820E+00
+8.28800E-03,-16.26622E-03,+6.41922619E+00
+8.31600E-03,-16.26622E-03,+6.41922619E+00
+8.34400E-03,-16.26622E-03,+6.41922619E+00
+8.37200E-03,-16.26622E-03,+6.41922619E+00
+8.40000E-03,-16.26622E-03,+6.41922619E+00
+8.42800E-03,-16.26622E-03,+6.41922619E+00
+8.45600E-03,-16.26622E-03,+6.41922619E+00
+8.48400E-03,-16.26622E-03,+6.41922619E+00
+8.51200E-03,-16.26622E-03,+6.41922619E+00
+8.54000E-03,-16.26622E-03,+6.41922619E+00
+8.56800E-03,-16.26622E-03,+6.41922619E+00
+8.59600E-03,-16.26622E-03,+6.41922619E+00
+8.62400E-03,-16.26622E-03,+6.41922619E+00
+8.65200E-03,+23.93479E-03,+6.41922619E+00
+8.68000E-03,-16.26622E-03,+6.41922619E+00
+8.70800E-03,-16.26622E-03,+6.33882418E+00
+8.73600E-03,-16.26622E-03,+6.33882418E+00
+8.76400E-03,-16.26622E-03,+6.33882418E+00
+8.79200E-03,-16.26622E-03,+6.41922619E+00
+8.82000E-03,-16.26622E-03,+6.33882418E+00
+8.84800E-03,-16.26622E-03,+6.41922619E+00
+8.87600E-03,-16.26622E-03,+6.33882418E+00
+8.90400E-03,-16.26622E-03,+6.33882418E+00
+8.93200E-03,-16.26622E-03,+6.33882418E+00
+8.96000E-03,-16.26622E-03,+6.33882418E+00
+8.98800E-03,-16.26622E-03,+6.33882418E+00
+9.01600E-03,-16.26622E-03,+6.33882418E+00
+9.04400E-03,-16.26622E-03,+6.33882418E+00
+9.07200E-03,-16.26622E-03,+6.33882418E+00
+9.10000E-03,-16.26622E-03,+6.33882418E+00
+9.12800E-03,-16.26622E-03,+6.25842217E+00
+9.15600E-03,-16.26622E-03,+6.33882418E+00
+9.18400E-03,-16.26622E-03,+6.25842217E+00
+9.21200E-03,-16.26622E-03,+6.25842217E+00
+9.24000E-03,-16.26622E-03,+6.25842217E+00
+9.26800E-03,-16.26622E-03,+6.25842217E+00
+9.29600E-03,-16.26622E-03,+6.25842217E+00
+9.32400E-03,-16.26622E-03,+6.25842217E+00
+9.35200E-03,-16.26622E-03,+6.25842217E+00
+9.38000E-03,-16.26622E-03,+6.25842217E+00
+9.40800E-03,-16.26622E-03,+6.25842217E+00
+9.43600E-03,+23.93479E-03,+6.17802016E+00
+9.46400E-03,-16.26622E-03,+6.25842217E+00
+9.49200E-03,-16.26622E-03,+6.25842217E+00
+9.52000E-03,-16.26622E-03,+6.25842217E+00
+9.54800E-03,+23.93479E-03,+6.25842217E+00
+9.57600E-03,-16.26622E-03,+6.17802016E+00
+9.60400E-03,-16.26622E-03,+6.25842217E+00
+9.63200E-03,-16.26622E-03,+6.17802016E+00
+9.66000E-03,+23.93479E-03,+6.17802016E+00
+9.68800E-03,-16.26622E-03,+6.25842217E+00
+9.71600E-03,+23.93479E-03,+6.25842217E+00
+9.74400E-03,-16.26622E-03,+6.17802016E+00
+9.77200E-03,-16.26622E-03,+6.17802016E+00
+9.80000E-03,+23.93479E-03,+6.17802016E+00
+9.82800E-03,-16.26622E-03,+6.17802016E+00
+9.85600E-03,-16.26622E-03,+6.17802016E+00
+9.88400E-03,-16.26622E-03,+6.17802016E+00
+9.91200E-03,-16.26622E-03,+6.09761816E+00
+9.94000E-03,-16.26622E-03,+6.17802016E+00
+9.96800E-03,-16.26622E-03,+6.09761816E+00
+9.99600E-03,-16.26622E-03,+6.17802016E+00
+10.02400E-03,-16.26622E-03,+6.09761816E+00
+10.05200E-03,-16.26622E-03,+6.09761816E+00
+10.08000E-03,+23.93479E-03,+6.17802016E+00
+10.10800E-03,-16.26622E-03,+6.09761816E+00
+10.13600E-03,-16.26622E-03,+6.09761816E+00
+10.16400E-03,-16.26622E-03,+6.09761816E+00
+10.19200E-03,-16.26622E-03,+6.09761816E+00
+10.22000E-03,-16.26622E-03,+6.09761816E+00
+10.24800E-03,-16.26622E-03,+6.09761816E+00
+10.27600E-03,-16.26622E-03,+6.09761816E+00
+10.30400E-03,-16.26622E-03,+6.09761816E+00
+10.33200E-03,+23.93479E-03,+6.01721615E+00
+10.36000E-03,-16.26622E-03,+6.09761816E+00
+10.38800E-03,+23.93479E-03,+6.09761816E+00
+10.41600E-03,+23.93479E-03,+6.01721615E+00
+10.44400E-03,+23.93479E-03,+6.01721615E+00
+10.47200E-03,+23.93479E-03,+6.09761816E+00
+10.50000E-03,-16.26622E-03,+6.09761816E+00
+10.52800E-03,+23.93479E-03,+6.01721615E+00
+10.55600E-03,-16.26622E-03,+6.01721615E+00
+10.58400E-03,+23.93479E-03,+6.09761816E+00
+10.61200E-03,+23.93479E-03,+6.01721615E+00
+10.64000E-03,+23.93479E-03,+6.01721615E+00
+10.66800E-03,-16.26622E-03,+6.01721615E+00
+10.69600E-03,-16.26622E-03,+6.01721615E+00
+10.72400E-03,-16.26622E-03,+6.01721615E+00
+10.75200E-03,-16.26622E-03,+6.01721615E+00
+10.78000E-03,+23.93479E-03,+6.01721615E+00
+10.80800E-03,-16.26622E-03,+6.01721615E+00
+10.83600E-03,-16.26622E-03,+5.93681414E+00
+10.86400E-03,-16.26622E-03,+6.01721615E+00
+10.89200E-03,+23.93479E-03,+6.01721615E+00
+10.92000E-03,-16.26622E-03,+6.01721615E+00
+10.94800E-03,+23.93479E-03,+6.01721615E+00
+10.97600E-03,+23.93479E-03,+5.93681414E+00
+11.00400E-03,+23.93479E-03,+5.93681414E+00
+11.03200E-03,+23.93479E-03,+5.93681414E+00
+11.06000E-03,+23.93479E-03,+5.93681414E+00
+11.08800E-03,+64.13579E-03,+5.93681414E+00
+11.11600E-03,+184.73880E-03,+5.93681414E+00
+11.14400E-03,+184.73880E-03,+5.93681414E+00
+11.17200E-03,+466.14584E-03,+5.85641213E+00
+11.20000E-03,+1.51137196E+00,+5.93681414E+00
+11.22800E-03,+988.75890E-03,+5.93681414E+00
+11.25600E-03,+425.94483E-03,+5.93681414E+00
+11.28400E-03,+184.73880E-03,+5.85641213E+00
+11.31200E-03,+184.73880E-03,+5.85641213E+00
+11.34000E-03,+224.93981E-03,+5.85641213E+00
+11.36800E-03,+144.53780E-03,+5.85641213E+00
+11.39600E-03,+104.33679E-03,+5.85641213E+00
+11.42400E-03,+104.33679E-03,+5.93681414E+00
+11.45200E-03,+104.33679E-03,+5.93681414E+00
+11.48000E-03,+104.33679E-03,+5.85641213E+00
+11.50800E-03,+64.13579E-03,+5.85641213E+00
+11.53600E-03,+23.93479E-03,+5.85641213E+00
+11.56400E-03,+23.93479E-03,+5.85641213E+00
+11.59200E-03,+23.93479E-03,+5.85641213E+00
+11.62000E-03,+23.93479E-03,+5.85641213E+00
+11.64800E-03,+23.93479E-03,+5.85641213E+00
+11.67600E-03,+23.93479E-03,+5.85641213E+00
+11.70400E-03,+23.93479E-03,+5.85641213E+00
+11.73200E-03,+23.93479E-03,+5.85641213E+00
+11.76000E-03,+23.93479E-03,+5.85641213E+00
+11.78800E-03,+23.93479E-03,+5.85641213E+00
+11.81600E-03,-16.26622E-03,+5.77601012E+00
+11.84400E-03,-16.26622E-03,+5.77601012E+00
+11.87200E-03,+23.93479E-03,+5.85641213E+00
+11.90000E-03,-16.26622E-03,+5.85641213E+00
+11.92800E-03,+23.93479E-03,+5.85641213E+00
+11.95600E-03,-16.26622E-03,+5.85641213E+00
+11.98400E-03,+23.93479E-03,+5.77601012E+00
+12.01200E-03,+23.93479E-03,+5.77601012E+00
+12.04000E-03,-16.26622E-03,+5.85641213E+00
+12.06800E-03,-16.26622E-03,+5.77601012E+00
+12.09600E-03,+23.93479E-03,+5.77601012E+00
+12.12400E-03,+23.93479E-03,+5.77601012E+00
+12.15200E-03,-16.26622E-03,+5.77601012E+00
+12.18000E-03,-16.26622E-03,+5.77601012E+00
+12.20800E-03,+23.93479E-03,+5.77601012E+00
+12.23600E-03,-16.26622E-03,+5.69560811E+00
+12.26400E-03,-16.26622E-03,+5.69560811E+00
+12.29200E-03,-16.26622E-03,+5.77601012E+00
+12.32000E-03,-16.26622E-03,+5.69560811E+00
+12.34800E-03,-16.26622E-03,+5.69560811E+00
+12.37600E-03,-16.26622E-03,+5.69560811E+00
+12.40400E-03,-16.26622E-03,+5.69560811E+00
+12.43200E-03,-16.26622E-03,+5.77601012E+00
+12.46000E-03,-16.26622E-03,+5.69560811E+00
+12.48800E-03,-16.26622E-03,+5.69560811E+00
+12.51600E-03,-16.26622E-03,+5.77601012E+00
+12.54400E-03,-16.26622E-03,+5.69560811E+00
+12.57200E-03,-16.26622E-03,+5.69560811E+00
